pred_L,I,interval_width
0.039485656,0.32203922,0.0977582240713433
0.1402452,0.5955333,0.2330239952371192
0.060082637,0.40454903,0.1618836568737333
0.66233134,0.029737255,0.0811319832176189
0.6535978,0.06993333,0.0716577149584136
0.45781887,0.29806274,0.2292574299377079
0.037527613,0.11706667,0.1097847772610221
0.011303442,0.2767843,0.0359282250204297
0.08817233,0.080172546,0.1793047408631131
0.15423629,0.6243608,0.2718258161866643
0.060258083,0.6605804,0.1239023040586022
0.40804932,0.38550195,0.3093428865344801
0.65359426,0.1623294,0.0721354589224316
0.7599897,0.42245883,0.1031748441587521
0.12218253,0.011635294,0.2218469941029466
0.011330863,0.25299215,0.0330448523879901
0.009641496,0.24189019,0.0275649287276523
0.10717366,0.25727844,0.1728304154684218
0.089820385,0.43765882,0.1796645140176655
0.10694821,0.35063922,0.2080419565860211
0.025531493,0.18224706,0.0632271256877752
0.40293545,0.22463922,0.2945634938827601
0.02995562,0.06333725,0.0833889954570702
0.016794246,0.26969805,0.0527248955734439
0.13012458,0.40767452,0.1897344386828185
0.07269708,0.35522354,0.1625262855115193
0.3798635,0.3020196,0.1568751710164866
0.63979256,0.40576863,0.0659728607474237
0.05225618,0.27181175,0.1277737927630156
0.8151684,0.58537644,0.086224702074124
0.015580748,0.09633333,0.0509224731270038
0.18147153,0.24329412,0.1891970435243672
0.3649011,0.013011765,0.2096062917166272
0.38589787,0.31681567,0.1420461946622185
0.017007941,0.30433333,0.0479874468402095
0.27983627,0.10832157,0.2193197744633909
0.5199736,0.5575255,0.0840211721741637
0.16701359,0.65037256,0.2444512108455998
0.018989757,0.10330196,0.062592781651965
0.10573642,0.77347845,0.2190038954664387
0.041091744,0.18815294,0.091800685962261
0.06922429,0.36013332,0.1481259989177296
0.044689417,0.19761176,0.1168902929334486
0.1285951,0.49183923,0.2431600048667123
0.010916156,0.29891765,0.0385979869847607
0.06238019,0.38248235,0.1276667761726331
0.024990458,0.36346668,0.0844159488365923
0.12902477,0.5092,0.2060254265060147
0.08836522,0.69713336,0.1844260070650146
0.09930318,0.34026274,0.1465834036416555
0.7897488,0.52882355,0.088832181421848
0.6589711,0.26667452,0.0775517590197987
0.01140899,0.29312158,0.0336153458702118
0.61322355,0.52197254,0.0498225861483816
0.1371441,0.55748236,0.2338144644638706
0.8751403,0.6397529,0.0811849631915477
0.03405601,0.5309686,0.0801434782103597
0.13220663,0.43119606,0.2328035979876662
0.23379362,0.4268902,0.3094843506107154
0.012800779,0.25895295,0.0424164223368876
0.026564447,0.6412157,0.0746198694267974
0.12271036,0.74062353,0.2431778475417255
0.8318809,0.5391529,0.0911342492785869
0.056916304,0.0072392155,0.1163904923321972
0.18829167,0.5815686,0.2399494950035496
0.1488324,0.16366667,0.2121480158259989
0.14508677,0.17814118,0.211142034489531
0.048333332,0.57998824,0.1205759947435727
0.06932832,0.15309411,0.155944379460145
0.014048564,0.3740549,0.0414232204761654
0.5486878,0.34420785,0.1291892828907821
0.013751529,0.14748235,0.0479322634343302
0.08967969,0.34130982,0.1928488667326163
0.62755877,0.5944039,0.062943628768638
0.20691079,0.2771843,0.3298108730575475
0.5306302,0.35650587,0.0883205547111307
0.8016191,0.33418822,0.0774692437823987
0.06727011,0.21189412,0.1408930779123491
0.021837253,0.08137255,0.0613912812129336
0.6687876,0.20960784,0.0853979145776091
0.04640473,0.50316864,0.1211488052121496
0.08519,0.380549,0.1683969227872038
0.02304938,0.45619217,0.0719662302940505
0.40075496,0.12312549,0.2700255121378869
0.019511994,0.4767686,0.0522218222923617
0.62896425,0.48994902,0.074688995161178
0.16040365,0.21323137,0.2402922491167683
0.72399485,0.15967451,0.089570112590116
0.12836868,0.41053724,0.1900655459080069
0.041528415,0.2117804,0.1173507184957875
0.102299966,0.30623528,0.2191732455178521
0.05513005,0.6211216,0.1225366974559574
0.10332346,0.21949804,0.1697919677729291
0.09455711,0.68501174,0.2112486712558859
0.029869676,0.3699451,0.0795305966224511
0.091860496,0.5314431,0.2118793686257361
0.6193456,0.66246665,0.0594127131383279
0.037901703,0.15296863,0.0969819921889324
0.27972218,0.06654118,0.2797971502885583
0.10911005,0.4328,0.2007981681216377
0.8460201,0.19301568,0.0887258817388403
0.62406355,0.6885137,0.0680378470716904
0.47383305,0.28626665,0.2318367702642101
0.110428005,0.24143921,0.2129331729597442
0.118231446,0.27457255,0.1809303643882084
0.15951432,0.7473098,0.2106377431031965
0.7754321,0.41233724,0.0985079173276737
0.6389683,0.29874116,0.0772741219742145
0.11858025,0.48121175,0.1911155133603949
0.12819302,0.752451,0.1966082671744751
0.014502849,0.35406274,0.0478403417905352
0.012265596,0.27685884,0.0386281051401521
0.83186984,0.46418038,0.088850734242007
0.08784799,0.33496863,0.1842696766921936
0.05891554,0.37143138,0.123876370757034
0.18902896,0.3666353,0.2086697367587433
0.7570758,0.35793334,0.0864274295422022
0.6483686,0.50412154,0.0744593801245883
0.19462216,0.79899216,0.2879107940926803
0.5707237,0.021611765,0.1580058264415224
0.6071976,0.8291451,0.0552735605667256
0.6302667,0.28328627,0.0681836874654067
0.06398707,0.5939373,0.1459466579515644
0.097073935,0.6974941,0.2063776358858592
0.17533876,0.75813335,0.2545203278198988
0.53733635,0.4410392,0.1059357078573029
0.098133266,0.18354902,0.20343931405979
0.39251652,0.11598823,0.1720075802977995
0.7222543,0.18132156,0.1008269119520985
0.030641818,0.1426902,0.0954874061262381
0.16727647,0.7791294,0.2641529496154258
0.12694366,0.6073843,0.2214681276864318
0.61557245,0.06024706,0.0567374017112753
0.17367804,0.63399214,0.2765900785021135
0.021427581,0.32939607,0.0560081894410837
0.28685078,0.214,0.2706207589332988
0.04654698,0.20654902,0.1091129702926779
0.10305521,0.2456549,0.2187295600555115
0.00996794,0.31318823,0.0340045651040459
0.50648546,0.4615451,0.11395979043033
0.32282916,0.3970157,0.2280338941979178
0.01585824,0.4392706,0.0505877121524929
0.03469949,0.16147059,0.0828548641730523
0.048905395,0.64182353,0.1372568258829395
0.025160287,0.5255137,0.0799386992999441
0.050372515,0.19875686,0.1391821709973076
0.03725338,0.17922352,0.1079613244637962
0.02872674,0.17514902,0.073419798689966
0.8655665,0.57585883,0.0861686140945956
0.041619558,0.2308902,0.0899394084733265
0.058558177,0.56714904,0.1424102998587472
0.659733,0.31914508,0.081123368125118
0.5462557,0.2652,0.1354860028463116
0.01560267,0.3729647,0.0430788519920305
0.35090077,0.411,0.2106576504864122
0.023168685,0.43955293,0.0566472396756274
0.062292833,0.077011764,0.1435804362217146
0.62147623,0.6548353,0.0616859279599526
0.08233511,0.56348234,0.1863427981313494
0.543868,0.2652,0.1337896982153746
0.1401513,0.34429413,0.192792645378465
0.0390048,0.27612156,0.0942779965291695
0.4060567,0.07687451,0.5177535396583063
0.2576122,0.026835294,0.2867238779227132
0.14757067,0.8109255,0.2281522598474673
0.04341321,0.25581175,0.0968038106969385
0.02710018,0.101458825,0.0806332440809611
0.31948447,0.3970157,0.2693497585514965
0.019278077,0.3774,0.0534305704613719
0.10254897,0.1969098,0.2090307580021009
0.09919757,0.16877255,0.1827430888214035
0.01729709,0.6447725,0.0609027955213326
0.0990448,0.015145098,0.1747013743417684
0.8758908,0.33481178,0.092950757019915
0.030979834,0.728753,0.0970056847944636
0.07881797,0.3735451,0.1508942018681504
0.011383172,0.2995608,0.0336977585382396
0.71975523,0.11008235,0.1012929827510458
0.08917086,0.10417255,0.1542909626483397
0.16685009,0.7150667,0.2922797373970144
0.029399417,0.30418038,0.0753017885565331
0.014036954,0.4784,0.0421211323417344
0.19414051,0.77502745,0.26784387126926
0.012484569,0.06012941,0.0355794672488316
0.06738307,0.29576862,0.1535310198811271
0.27961478,0.06256471,0.3140590541985338
0.5657426,0.10712549,0.1494677879342436
0.49999264,0.3445255,0.1039034814014514
0.08231133,0.27053726,0.1616717534665527
0.5346964,0.37982744,0.1065379386225735
0.009659457,0.1748706,0.0289780285438055
0.62586695,0.36369413,0.0507745881019026
0.07977167,0.28678823,0.174601560717752
0.070122495,0.66695684,0.1496338832576476
0.85223126,0.5938745,0.094416403170892
0.119334556,0.271,0.178782531284065
0.07445827,0.014752941,0.1388473777739458
0.07214834,0.401749,0.1755214713166147
0.101640284,0.15552157,0.1889273083494048
0.14666864,0.90399605,0.2320071315568481
0.029028378,0.3287961,0.0783287018342191
0.63782156,0.49155295,0.0585592313287195
0.019670783,0.4924941,0.0548976199667132
0.89442056,0.32752156,0.0948075003999873
0.14745311,0.13649411,0.2267991059278971
0.030099414,0.18668236,0.0774254115884605
0.55079496,0.48530588,0.1639470959437933
0.0098892655,0.31906274,0.0362169451824942
0.019045718,0.36952156,0.0574573284839472
0.15345731,0.7864039,0.272207552126317
0.8060095,0.46944705,0.1058674201321998
0.56249,0.22056471,0.2537825585413304
0.012220171,0.29403138,0.0367419738847041
0.008228279,0.2849255,0.0279040034078146
0.89135116,0.30559608,0.0922733478664394
0.03240326,0.20689411,0.0814510558689384
0.032031983,0.5850863,0.0834185891635119
0.14297397,0.34390196,0.2411140150110999
0.1315953,0.05756863,0.2357938992551463
0.8594331,0.48821568,0.1046366124225854
0.029261546,0.23976862,0.0817773988805868
0.0098374,0.06767843,0.0305505473773914
0.6351932,0.5105412,0.0695700840631956
0.010959522,0.45513725,0.0338735380209422
0.5547575,0.3361647,0.1473114132585975
0.019380273,0.12702353,0.0599210944751316
0.023025956,0.08731373,0.0630966919960983
0.0553475,0.43848628,0.1058139735134894
0.8342904,0.13881177,0.0964338333370808
0.116145745,0.4705294,0.2128778676176054
0.14196643,0.45680785,0.2090731281653985
0.032995597,0.28587842,0.0875939442407546
0.5045254,0.34594902,0.0969546681863808
0.0967909,0.77513725,0.2031508275956254
0.13242486,0.3602392,0.200481140425202
0.06978415,0.76422745,0.142083930154821
0.104245186,0.16542745,0.1563967458199952
0.098624304,0.84531766,0.2114872958537449
0.8901109,0.31865883,0.0797383451780302
0.028476985,0.2290157,0.0768508649202292
0.109722026,0.15368627,0.1933075013759369
0.8494992,0.6029177,0.0829259658340806
0.6138872,0.70657647,0.0666460047084762
0.060996957,0.21375686,0.1339786609596225
0.3543216,0.7729176,0.268161835048851
0.0798174,0.23240392,0.1674445443775571
0.109521225,0.17966667,0.1807769590855076
0.8423941,0.13358432,0.1042163628720003
0.3948127,0.23620392,0.1604621828187747
0.048327904,0.39490196,0.1205083904325363
0.3167023,0.05232549,0.2465015809572796
0.19468684,0.79207057,0.3389424630810697
0.06233531,0.79739213,0.1477696273491945
0.08196436,0.7977412,0.1800355161100485
0.6505711,0.30137646,0.0691594465349372
0.54106766,0.27547842,0.1267755896850246
0.17930785,0.25599608,0.2515791361075746
0.09772028,0.30803922,0.1800176872348783
0.69421494,0.07547059,0.0851381039270711
0.32989076,0.594502,0.2219662472476337
0.13039441,0.45904705,0.1975482991245004
0.8219504,0.20621568,0.0906744567965862
0.12455763,0.09077255,0.2153524490519285
0.84338385,0.16905883,0.0894572261506085
0.03838486,0.32168236,0.094216104310897
0.08754496,0.48383138,0.1725285495776317
0.6266124,0.3931647,0.0604761122316388
0.65235245,0.31841567,0.0885372771064263
0.8505225,0.56153333,0.090880633140107
0.01329743,0.22271764,0.0425526185354407
0.011791071,0.355549,0.0348515305030612
0.050396506,0.20652941,0.1055042283497417
0.015551717,0.4017098,0.0437983843234757
0.0053827274,0.23645099,0.0196135515119457
0.83131266,0.13879608,0.0868368155691214
0.70849234,0.099427454,0.088018237751996
0.5845092,0.16218823,0.2112512652265248
0.1183704,0.075294115,0.2274771474366885
0.66383505,0.07071373,0.0725932056022007
0.08898458,0.84425884,0.1957358698421368
0.0102679385,0.37458822,0.0341945958319594
0.2117981,0.24568628,0.3128567534642898
0.047512695,0.4353804,0.1252422583262004
0.014627909,0.26834902,0.044109104752274
0.08140434,0.14553334,0.1667126316660534
0.40348408,0.28460392,0.2227818001394499
0.8934439,0.5392745,0.077703144404609
0.009524884,0.14210588,0.0343081083858832
0.025346143,0.093203925,0.0659524074751381
0.93943405,0.6978039,0.0638077124798883
0.6307784,0.3508745,0.0642277625068317
0.03923301,0.1939804,0.095541463952046
0.013320668,0.3178353,0.0498571592985079
0.3673544,0.76392156,0.2165782880307488
0.03596346,0.16612941,0.0979053290101852
0.63954276,0.6478588,0.0613715740747722
0.038038634,0.31851372,0.1049706881447283
0.22683635,0.48560393,0.336361706264504
0.11300359,0.42294118,0.2403796568289413
0.051111188,0.5548157,0.1087115975814418
0.06700148,0.17650588,0.1426623157266924
0.45399988,0.62180394,0.2176387785951527
0.07380268,0.18411373,0.1499355919994598
0.0111521995,0.22428235,0.0417518162216768
0.08824193,0.26061568,0.1814881914657358
0.54104346,0.44118038,0.1014221123338308
0.589779,0.27181175,0.2175767757658802
0.536089,0.5768863,0.0747347549918129
0.30936292,0.3989451,0.2414735709705433
0.04095086,0.37644705,0.1051762637500574
0.31285357,0.13634117,0.1983424831298309
0.035789486,0.79611766,0.0942459716391055
0.076469325,0.4163294,0.1534329937353185
0.10128072,0.27189413,0.1999844646937005
0.16852725,0.21956863,0.2004588494928678
0.09995121,0.2102745,0.1824753394756023
0.008862927,0.09904314,0.0259752766012934
0.13016196,0.13961568,0.210240964507648
0.63577795,0.50424707,0.0604116987254554
0.104953155,0.1397451,0.2167180081504798
0.015660567,0.7363255,0.045236240560446
0.12683406,0.13150196,0.2397502666929547
0.02648759,0.16281961,0.0754882249086469
0.124697134,0.6923765,0.2111335847864502
0.09290174,0.75096077,0.1952058746562898
0.05695187,0.542851,0.1202229760997956
0.39950207,0.2699608,0.135913913394155
0.51687694,0.5110902,0.1117153988916408
0.041090976,0.2100353,0.1037823962270706
0.6729562,0.20861961,0.0793771459287491
0.006912231,0.31518432,0.0233265214380999
0.06614937,0.29089412,0.1586052069201405
0.3975297,0.17601961,0.1644667349693422
0.014541899,0.2701294,0.0415581068586286
0.026437597,0.5395804,0.0784387974306038
0.8020768,0.7641647,0.0896393815353875
0.02067393,0.4751255,0.057357870603097
0.83562386,0.2346549,0.1002766112558117
0.12089215,0.33276078,0.1905096765999037
0.00965948,0.30603528,0.0291061608581939
0.6609887,0.25146276,0.0910776339652539
0.1588429,0.5544588,0.2373366502138798
0.14021695,0.5497451,0.2180932209561612
0.38701594,0.11672941,0.153906569846168
0.0471659,0.21850589,0.1309357499565998
0.21806549,0.58435684,0.3174420661086704
0.026962303,0.78299606,0.0811804433895561
0.021443792,0.08741961,0.0627118390076725
0.6521255,0.48647842,0.0755925300876816
0.41303718,0.38774902,0.3013452004214336
0.056700096,0.3923451,0.1284386063652794
0.60723454,0.06842353,0.0552208943952838
0.83693177,0.2000902,0.086985742316209
0.053475533,0.41098824,0.1299239783594517
0.0873175,0.5280902,0.1837847416131509
0.0066395504,0.33110195,0.021864474136085
0.25354758,0.33173335,0.2289453879204651
0.07066473,0.7123294,0.1616532973278234
0.33027622,0.15866275,0.2338478342222658
0.022752227,0.38228628,0.0574581695592194
0.01610109,0.16323529,0.0460015737213644
0.15907541,0.31775686,0.1941556589398205
0.1027622,0.7320039,0.1961347660692846
0.11911426,0.45119607,0.2380776822236637
0.10366473,0.24220392,0.1806044401771306
0.037394885,0.17443137,0.0862233013569305
0.3466455,0.15795293,0.1949558294934847
0.009284889,0.27567452,0.0254317562647385
0.10742559,0.013270589,0.2227895698513387
0.43960568,0.30733332,0.2367285445773352
0.034447204,0.43494117,0.1003753222122964
0.09162638,0.010905882,0.1871614187945935
0.03420988,0.20943922,0.0871581173929952
0.6326921,0.4602392,0.0611249485095122
0.07208301,0.59390587,0.1629951129759724
0.0066657625,0.10378039,0.0235243191628369
0.058131512,0.7259216,0.1318295243963499
0.0076036924,0.24345098,0.0237643199714535
0.033007428,0.2815255,0.0777312595951049
0.46072415,0.33864313,0.1963995283977302
0.08800291,0.10143137,0.1600852447622528
0.88787633,0.24595687,0.1065474828875949
0.010639143,0.28773725,0.0407423520771121
0.010270136,0.4125843,0.0309880136224533
0.060436968,0.18357646,0.1269137857032477
0.25395432,0.4159608,0.2617147910388683
0.012812788,0.2723098,0.0380166388038283
0.14139219,0.2253098,0.227841755599826
0.2954768,0.13434118,0.2405202606209989
0.14132988,0.6595961,0.2171803055033318
0.38636887,0.18042353,0.166413926774485
0.16955219,0.22001961,0.1998385062503542
0.8229406,0.59049803,0.1096456217423702
0.015386061,0.27913725,0.0550413118898516
0.08551474,0.11,0.1799852353561626
0.28225002,0.49570587,0.3203185113740736
0.026282651,0.17569412,0.0743352336910969
0.8658579,0.5427804,0.0904546554327678
0.08641406,0.23447451,0.1818940168582355
0.598322,0.7382157,0.2532776428006169
0.4117716,0.39994118,0.2875130028163136
0.026380785,0.20783529,0.0744336407426066
0.7831931,0.774,0.1270271997305829
0.07370381,0.19921568,0.159850384694433
0.103876956,0.13654903,0.1947027747320157
0.33373222,0.0632353,0.2095883233383499
0.7770716,0.7520902,0.1075296479001255
0.015974334,0.41376078,0.0473113734869603
0.017446285,0.5401608,0.0497010059297765
0.08802454,0.34156862,0.1971385544843838
0.6298555,0.7882902,0.0679798977375625
0.12685372,0.5798392,0.1867678680738144
0.66015726,0.23500392,0.0755616412725816
0.8572435,0.16229804,0.0875877369556938
0.96236426,0.5155804,0.0547017336229582
0.58083224,0.3221804,0.1921069186515667
0.07742532,0.24813725,0.1632125390494268
0.6986443,0.093682356,0.0954698648634531
0.50809294,0.5258,0.1005278301396712
0.015851673,0.08745883,0.0470790962066353
0.6062697,0.04865098,0.0550638030330827
0.03130301,0.36959216,0.082086425520378
0.6182241,0.31793725,0.0706474441706455
0.8047196,0.65925884,0.0946063008921953
0.1383909,0.5481451,0.2583890804751162
0.1013458,0.16338824,0.1744735898078359
0.09110119,0.062509805,0.1808122770571392
0.03312172,0.28923136,0.0853061727455971
0.74742055,0.81638825,0.0917796498969036
0.6301062,0.57905096,0.0601857950250721
0.64947486,0.32933727,0.0661911934360528
0.639374,0.38484704,0.067528198738622
0.028642204,0.31690195,0.0702022920086878
0.009941036,0.31948626,0.0308817881937848
0.13247566,0.31189805,0.2214837363036387
0.8036707,0.3181098,0.0996325213248321
0.6310579,0.5764941,0.0663766062016812
0.26622108,0.061337255,0.2595322337101055
0.7213826,0.11628235,0.0922106099148896
0.03633074,0.28345883,0.0947880249353429
0.010166325,0.32112548,0.034103099138621
0.33036816,0.2580392,0.2515524781816527
0.60366577,0.7675176,0.0579010896098732
0.14469016,0.42909804,0.2341281361090239
0.81868386,0.39768234,0.0933746086486078
0.014158343,0.25739607,0.0419526300007861
0.08980267,0.6182745,0.1820021562337245
0.63876593,0.40384707,0.0689010793402948
0.35552788,0.6110706,0.2474823433471055
0.096726835,0.17542353,0.1597734497256568
0.035589945,0.3832157,0.0932370116375836
0.4050763,0.28407452,0.303248981454104
0.03160167,0.38786274,0.0890280017971732
0.011782981,0.23626274,0.0339972255765546
0.97245073,0.6587529,0.038713540675789
0.027494283,0.58638823,0.0685561314367219
0.13552769,0.4432549,0.2165707751006008
0.6415083,0.07299215,0.0802252818167195
0.10179441,0.14797647,0.1993830662613845
0.01680262,0.097956866,0.0503129807083873
0.6301536,0.5957098,0.0634134536939863
0.124913156,0.15649411,0.2048462212918175
0.03439004,0.035937253,0.0952347632215007
0.3957311,0.20098823,0.1776676700346742
0.3966404,0.1162,0.1771170486187105
0.09068725,0.2666392,0.1406367687144971
0.6298164,0.6450314,0.0763052606840444
0.20674011,0.30240783,0.2747805712757578
0.074435584,0.7780667,0.1643971251668199
0.06820054,0.82488626,0.1456544553449106
0.7332153,0.15967451,0.1107077612291198
0.05174991,0.37244314,0.1195713475219978
0.04680707,0.32673332,0.1033137146669042
0.016403286,0.44470197,0.052774516595715
0.13914566,0.4157059,0.2366304695058744
0.028842809,0.3707412,0.0776350137621765
0.012208793,0.30588236,0.0393482910621001
0.14476335,0.08588235,0.235153389917501
0.009590312,0.22381961,0.0288871436790635
0.68142396,0.5525686,0.0759685303797983
0.652286,0.32948628,0.0664260659612121
0.95429313,0.31355685,0.0607413076135305
0.57097816,0.2409451,0.1484897747660427
0.64551437,0.3261294,0.0677895840683193
0.69433266,0.09350196,0.0699502492675809
0.011694235,0.4030745,0.0437159089485669
0.024136277,0.445349,0.0755287512886832
0.6593838,0.4788549,0.0717066726463284
0.05193862,0.3739451,0.1125537813704689
0.04045226,0.35312158,0.0826249763049102
0.08120345,0.20980392,0.1584648478833174
0.009011347,0.27566275,0.0313025374919772
0.02134489,0.09506275,0.0638795484923988
0.01831516,0.05825098,0.0476210070373423
0.12181957,0.47457647,0.2215303437140515
0.26210916,0.13454902,0.3141587970330526
0.009711079,0.28201962,0.0391813373017115
0.08425703,0.6204745,0.1781908897773655
0.054116175,0.3826863,0.1223360542494688
0.72143275,0.42680392,0.0982299978668057
0.036232855,0.48620784,0.1062438826488277
0.635299,0.52111375,0.0571091515107344
0.21041869,0.78881174,0.3461988180291545
0.12243458,0.7960824,0.2548458804980056
0.014531761,0.9414588,0.0474158477870839
0.40512818,0.28179216,0.2449840176360284
0.88649523,0.29206666,0.0885940701912821
0.07222626,0.7976706,0.1593903636274731
0.8882075,0.16630197,0.0914939348945984
0.011519016,0.3441804,0.0318132686024748
0.12640584,0.16942745,0.2284529342407607
0.11119123,0.49698824,0.1970662788122084
0.12179943,0.14892548,0.2216241940002086
0.94776803,0.2544196,0.0695203792323773
0.34573123,0.19970196,0.2312746258882262
0.17365825,0.25108626,0.2019006806136302
0.16526751,0.18618432,0.2330880084401296
0.17838438,0.2088549,0.2614560843939467
0.016287014,0.06685098,0.0487835071478631
0.03395396,0.41721568,0.0900817183920978
0.01869362,0.3200941,0.0549760135352753
0.53363854,0.48922744,0.0932541334135981
0.01578405,0.14190196,0.0434833309620572
0.07986033,0.23047058,0.1783802537130366
0.10232124,0.37217647,0.1916241835000298
0.55635166,0.28039217,0.1529858578845609
0.030877039,0.6166,0.0865580255474167
0.008363106,0.111768626,0.0249004756472231
0.063167036,0.37533334,0.1327696729172592
0.04577312,0.2210745,0.1122336787269905
0.024898171,0.55676866,0.0663943674377134
0.12605777,0.01605098,0.1852777912335811
0.102918684,0.22192156,0.2077602714418557
0.2952281,0.13481176,0.3109468450957063
0.005165008,0.18898432,0.0190192593281122
0.12239185,0.28857255,0.1923081129922841
0.016368818,0.23826274,0.0468057804196579
0.1405021,0.27507058,0.2036178568767354
0.08829433,0.0672549,0.1748349809277322
0.7904004,0.23943922,0.1126629365034741
0.4973255,0.3368588,0.1320040597269918
0.10782755,0.73310196,0.2291346498608817
0.08151425,0.7867412,0.1625811242143294
0.016379163,0.28613725,0.0427249881964545
0.115813494,0.021937255,0.2103284303530519
0.024453053,0.26023138,0.0721568347280824
0.11926018,0.37098038,0.2215305522261134
0.5841974,0.6494,0.2013287533248868
0.62676364,0.5509804,0.0725684329322409
0.031316593,0.40582353,0.082368994044832
0.03637419,0.57447845,0.0924176102276227
0.015455128,0.22710197,0.0483343375906641
0.8361135,0.16673726,0.0973345926473034
0.11785725,0.13807844,0.2173157489812697
0.13158718,0.37208235,0.1802186233585518
0.035750724,0.0033960785,0.0996444247761206
0.3171424,0.27869412,0.2584813807356273
0.018872837,0.088007845,0.052236315854481
0.0209633,0.48024315,0.0653332220865732
0.11152444,0.15261962,0.1553326591222714
0.028888062,0.15820391,0.0957409609943638
0.31990865,0.11785098,0.2255142495868779
0.54010016,0.6609804,0.1212709128787876
0.078717224,0.22062352,0.178938149397624
0.13432276,0.35814902,0.1979704566167287
0.09729435,0.72707057,0.173034538847899
0.06872166,0.35099214,0.1541856605305811
0.8142168,0.30875295,0.0968722318196699
0.027385896,0.25771764,0.0794529862421716
0.11530873,0.062341176,0.2275452812352084
0.72650915,0.18155295,0.0841744915674311
0.60281736,0.057486273,0.058854951510517
0.10621366,0.20931372,0.2238518709815908
0.722063,0.10537255,0.0962215573582858
0.6131809,0.051713724,0.066486311702447
0.05395515,0.4223804,0.1372439775234613
0.17510556,0.23628627,0.2514397011130227
0.10435479,0.6377647,0.2020917769538101
0.5022061,0.524298,0.2022408285207459
0.028381279,0.09719608,0.0691293217481002
0.022482786,0.28080785,0.0631961412772274
0.0059200637,0.17972156,0.0222225286228332
0.055900604,0.6846039,0.1392107295412149
0.044259015,0.22087844,0.1168408548820149
0.7349807,0.21832156,0.0926768689906927
0.15467623,0.09025882,0.2167839935776361
0.1830532,0.7706078,0.2480420467097108
0.8373637,0.255051,0.0962052292616739
0.080089875,0.5901608,0.1775416807821155
0.37957337,0.78390586,0.267941763510823
0.15883884,0.46239215,0.2854328863945122
0.5337115,0.4024392,0.0846476179860051
0.31558502,0.5809647,0.3102638191132816
0.04645029,0.42776078,0.1090527301869312
0.12605178,0.31157255,0.2111735098817356
0.13101801,0.66386276,0.250612057164374
0.72179294,0.1701451,0.0878915502493564
0.05468801,0.3253686,0.1383114398079734
0.6052246,0.0787098,0.0623350723272266
0.8050937,0.6143569,0.1054522539877016
0.08208217,0.20917255,0.1834747346027171
0.9000576,0.32561177,0.0809314056667649
0.11763586,0.6832902,0.1905582400520402
0.019592024,0.5626706,0.0526664505263533
0.12762804,0.44190195,0.2372346381698702
0.176273,0.7298784,0.245117863624152
0.1584313,0.01677647,0.2235714484299275
0.0144147705,0.29391766,0.0441475906652864
0.056245662,0.21099608,0.1409717879891634
0.629202,0.40516078,0.0657501691643107
0.10130282,0.6974431,0.2066734224012468
0.15227298,0.44508627,0.1560284042980347
0.83189166,0.23956078,0.0924538354251123
0.06151969,0.26427844,0.1381797105628562
0.07237972,0.0071921567,0.1682485617828683
0.11262208,0.051007845,0.1962474817324729
0.6519941,0.5182745,0.0820274964089857
0.19721907,0.31876862,0.2452968662647402
0.03841857,0.3932902,0.1012130150439523
0.8019151,0.08408628,0.1103266436309895
0.53060937,0.5905882,0.0792222708580821
0.024881005,0.16611765,0.069520950206764
0.028656824,0.2446,0.0755935295688496
0.40022033,0.15661961,0.3037179853371332
0.103349164,0.1911255,0.2095673133226633
0.88338995,0.22283137,0.1003777678398294
0.09022058,0.5453451,0.1653124336426091
0.1171125,0.4164706,0.2018495653710216
0.5601501,0.012839216,0.1585020934664156
0.72201425,0.14950588,0.0801196527951537
0.07511438,0.37066665,0.1614849512592406
0.044571433,0.2689255,0.1081899822521211
0.008908283,0.20846666,0.0304171436825001
0.9565196,0.5155804,0.059744296620027
0.02651905,0.8661569,0.0677611521496818
0.8045697,0.31340393,0.0898750245829544
0.07452666,0.20718823,0.1391570529379123
0.046685196,0.78749806,0.1212021990944287
0.29442686,0.32348236,0.2266072353104201
0.63150835,0.34871373,0.0731505336227069
0.7170759,0.11250588,0.1041142886165149
0.30735305,0.40933332,0.2374644097602417
0.52429,0.7824941,0.0866914665780297
0.1467845,0.101835296,0.2133188309119901
0.0071220393,0.2188353,0.021870161979286
0.11730583,0.18074118,0.2123065247096439
0.015107304,0.020466667,0.0456722481445227
0.9089859,0.24435686,0.06678989212789
0.3001845,0.55153334,0.3450242601674935
0.012143451,0.12441176,0.0317236719188808
0.53552485,0.42521176,0.0876947425048437
0.009155688,0.36593333,0.029550231429059
0.6458054,0.30287844,0.066449537809258
0.11401629,0.43264705,0.2105026074287786
0.47614202,0.6208196,0.1978873247550304
0.53243524,0.5146863,0.0782585590723994
0.19548573,0.038509805,0.2502936195292339
0.1262953,0.56531763,0.2137857887100945
0.06682394,0.32929412,0.1707308423368469
0.66352195,0.283451,0.0656250363720729
0.621646,0.65244704,0.0568479658686116
0.09572831,0.37433726,0.1647573149588944
0.16938873,0.24329412,0.2636026167799895
0.2506246,0.0361451,0.2801853102519487
0.62765247,0.3899647,0.063302073670274
0.12500486,0.5099294,0.1844174009620648
0.13424085,0.13392156,0.2031714325521575
0.63103646,0.44865882,0.0642053974984846
0.025352461,0.1876549,0.0690106817734998
0.5356292,0.3779255,0.0965257896379742
0.4551774,0.23968628,0.2569219156630272
0.122246005,0.4294549,0.1840933335012527
0.0078996215,0.31357256,0.0264220289554771
0.30644196,0.4012941,0.2551520969319651
0.011782343,0.35893333,0.0354510212656312
0.023648381,0.27248627,0.069539937234464
0.57299685,0.018450981,0.1553681921411194
0.56340486,0.36210588,0.1941206302479617
0.004756232,0.27129805,0.0183750225715571
0.13845441,0.43404314,0.1919880271189402
0.1492463,0.5320941,0.1798145468408359
0.025244422,0.248,0.0715614396499593
0.015592468,0.46298823,0.0641042190743167
0.009987044,0.1651098,0.0309556002843277
0.5066164,0.3687804,0.0920216868834362
0.39567488,0.27929804,0.1814775352491782
0.9303765,0.5569843,0.0723059791976155
0.37901035,0.7713216,0.2473775299146351
0.062422313,0.8083451,0.1577669405654743
0.14964467,0.52898824,0.2206465703041623
0.038559746,0.18082353,0.0931683450837992
0.030390596,0.0052156863,0.079035159328616
0.39393494,0.21385491,0.1438742590277059
0.08806334,0.38518432,0.1561291851279644
0.020842709,0.31537256,0.0599998047156251
0.117005676,0.6717216,0.2269283635479979
0.5292587,0.45018825,0.0750597109148789
0.10833285,0.14259608,0.1702967854039913
0.12562242,0.58524317,0.1875301186681855
0.53333944,0.49786276,0.0919877369400941
0.007221192,0.3151294,0.0224310184698872
0.008031146,0.42488235,0.0306977376366057
0.14008299,0.22427058,0.2552291298223969
0.11386244,0.42414117,0.2303472119007599
0.03599262,0.5981333,0.0860731463242073
0.14307497,0.36518824,0.2243181698402582
0.026109857,0.056258824,0.0663426565139418
0.70438886,0.0684549,0.0745724517873245
0.16733065,0.6462157,0.2601896218464075
0.12083431,0.5412784,0.2136518246748817
0.12531781,0.42294118,0.2222100533193383
0.09545705,0.17175294,0.1892919562291255
0.13397507,0.17502353,0.1976038725535758
0.09939095,0.26461175,0.1886123260570051
0.0521082,0.5994588,0.1213811545244939
0.042106334,0.07421569,0.1047445042181137
0.04550634,0.16062745,0.1295082589169475
0.3925964,0.11244706,0.1727513017170512
0.2669303,0.1687451,0.3209259588927663
0.87155527,0.15992941,0.0890416337246775
0.5311915,0.54819214,0.0945808808161787
0.013161694,0.30669412,0.0408063919652759
0.06932117,0.64925885,0.1541297774033728
0.029746097,0.4350196,0.0774612624937488
0.09546368,0.68001175,0.1462884484363462
0.5388345,0.37235293,0.1112580669280782
0.9065472,0.23972157,0.0844800600538582
0.052201558,0.36092156,0.1211187462656966
0.0125151435,0.71971375,0.0393205724727178
0.085202366,0.7105216,0.1905248567252445
0.8188177,0.3440549,0.1083498753849776
0.14471523,0.2719451,0.2086378244841233
0.36156437,0.70875293,0.2596095824574117
0.12581715,0.3411961,0.2213093705741418
0.10059524,0.088094115,0.1588147112649332
0.76455027,0.46177647,0.1102823696417836
0.21996923,0.77088237,0.2962458792111709
0.09565867,0.13986275,0.2030490840639421
0.86636686,0.53931767,0.1100395111148508
0.058923613,0.27775687,0.1321187935944489
0.03202346,0.6608314,0.0899007214716605
0.53313315,0.3137255,0.1032983269991218
0.04311317,0.51988626,0.1055056732925848
0.009290988,0.14291373,0.034528558182985
0.66325206,0.27950197,0.0844729560270385
0.27912363,0.12756078,0.26493779460367
0.010699374,0.31290197,0.0336186276453548
0.009455667,0.32936862,0.0332315179831733
0.3180767,0.39890587,0.1949019370035356
0.3974122,0.22124706,0.1457707764655396
0.038466357,0.18603529,0.1035097287461182
0.8242621,0.33224705,0.0938808231786469
0.00969134,0.36289018,0.0290995518721409
0.14179608,0.48238432,0.2319606035796018
0.11704543,0.56645095,0.1927365953503908
0.8514567,0.5528196,0.0928419167130703
0.6365832,0.3781961,0.073841954702188
0.084654294,0.38579217,0.1807684651174398
0.03745443,0.35223138,0.0922080641165856
0.07891489,0.21371372,0.1697631584975864
0.3367109,0.15155295,0.223724884884809
0.15196852,0.31775686,0.2265196600483365
0.23961204,0.045313727,0.2239218289324294
0.09192129,0.23454118,0.1495938412168299
0.17776112,0.28248236,0.2389519037952876
0.08585003,0.18154117,0.1913096025122403
0.081822895,0.13166666,0.17163498266415
0.07601887,0.33616862,0.172859487212035
0.6583884,0.20811765,0.0708287433722387
0.04635967,0.0052156863,0.1123141798818484
0.09557493,0.32868627,0.1871379273379993
0.00782476,0.32647842,0.0276002400534398
0.3514613,0.15901177,0.2742670878802026
0.30983064,0.3871647,0.2811822075120643
0.8835773,0.2326902,0.0933883775388892
0.09658656,0.3525294,0.1394440002871292
0.035485767,0.1482549,0.0965648478499567
0.6205658,0.69216865,0.0628730534744408
0.699263,0.07421961,0.1003884607973881
0.73455733,0.48050195,0.0995837027559647
0.023095977,0.16727844,0.0724218932075338
0.16704054,0.16809803,0.1977828652650183
0.053673707,0.12389804,0.1272834095735525
0.17917223,0.47318822,0.2437004879895092
0.01605634,0.30383137,0.0493993762326386
0.24146606,0.43576863,0.2634965941010992
0.060250048,0.35794508,0.1415667237606341
0.30687374,0.10732941,0.2199277277773905
0.15551893,0.18620785,0.2316488780470263
0.34550697,0.75774115,0.3209370484548698
0.11535967,0.43497646,0.1955414499616546
0.048447624,0.06569804,0.1360650874603964
0.037227076,0.17278431,0.0913308872401744
0.14218417,0.019262746,0.2637029110817747
0.15452224,0.654,0.2387696543240208
0.050183624,0.52749413,0.1236417234108155
0.9436716,0.7119647,0.082106466421997
0.08436628,0.58614904,0.1421608429499697
0.6697281,0.42088234,0.0802486395575798
0.011267169,0.22727843,0.0355511688426534
0.06632416,0.7200588,0.1434782300352919
0.07179076,0.21480392,0.1430147296309832
0.021685326,0.22600392,0.0632471466446309
0.084041975,0.13331373,0.1913927817013225
0.0895309,0.20867842,0.1820601977053853
0.3094557,0.09432157,0.267513848036311
0.020886986,0.32632548,0.0678780784650013
0.06912176,0.046780393,0.1321541405862064
0.01638887,0.14455687,0.0481828636706653
0.02617998,0.048078433,0.0877948077702042
0.008269631,0.3255647,0.0256803886670566
0.77791166,0.3830157,0.1112755414678128
0.3160037,0.05494902,0.2562685262679818
0.3649867,0.2848941,0.219612301179131
0.7744032,0.4089608,0.109976881884912
0.30071774,0.064603925,0.2598943325703083
0.5532493,0.32481176,0.1447122116608354
0.1471775,0.6263059,0.301088573529807
0.009785295,0.30149803,0.0303234387002764
0.040857106,0.30754903,0.1038964236378168
0.07819059,0.52486664,0.1581124888618457
0.53073144,0.67204314,0.0751748890903218
0.05276317,0.60952944,0.1256419037530428
0.06514731,0.24972549,0.1357869866218079
0.20118132,0.24064314,0.2864993680308673
0.62292284,0.61662745,0.0645598828807858
0.3939375,0.22046667,0.1629759981389028
0.04590973,0.5087098,0.1239228300138329
0.04487562,0.20689411,0.1120002449630603
0.5339587,0.6624549,0.0954284640180864
0.020167947,0.21553333,0.054397041835435
0.008867624,0.17950588,0.029959873611119
0.05369471,0.5430902,0.1227578567090429
0.040004864,0.78571373,0.0899635448114505
0.06923878,0.52188236,0.1643335207529779
0.031248646,0.09039608,0.0797176123850392
0.8801349,0.77699214,0.0744124968547541
0.5427111,0.40416864,0.1096588985544168
0.80163145,0.4299804,0.0983421141423859
0.06941977,0.49244705,0.1559272095696017
0.04013359,0.1849255,0.1099966286951641
0.091000415,0.297349,0.1571107407657498
0.35334316,0.73742354,0.2857836423818519
0.11888255,0.15683922,0.203695572300958
0.01911302,0.097333334,0.0609396857152839
0.041029416,0.4079137,0.0914064415116894
0.61790335,0.4793059,0.0598972807120357
0.5357765,0.5167059,0.1089990730442323
0.08786502,0.15800785,0.1827375315761237
0.102264516,0.41703138,0.2157088146595226
0.026540989,0.005172549,0.0764634234646862
0.1710284,0.58765095,0.2301959262829612
0.023271715,0.2539451,0.0623006204786983
0.6680437,0.29144314,0.0710277691250906
0.030707639,0.18183137,0.0862987866361652
0.069483854,0.30357254,0.1513180169817446
0.0050568585,0.2075098,0.0163380908422697
0.8521352,0.5552902,0.0942997033001287
0.15605834,0.23486274,0.2285502696570957
0.104081064,0.21028236,0.1837025024640419
0.3342611,0.13112158,0.2454987153125427
0.6060311,0.04947843,0.0658271230501743
0.5372322,0.3778392,0.1039496893493983
0.14414531,0.21256079,0.2551990246523135
0.30910864,0.32346666,0.2711447881610026
0.11675794,0.4761098,0.2019869251741001
0.19758403,0.80229414,0.2449171757291237
0.55371386,0.60606664,0.1302927952163353
0.059492026,0.09027451,0.1343718400821753
0.13960339,0.43506667,0.2257096204752018
0.0091665145,0.2886706,0.0288774789356515
0.019412111,0.47100785,0.0531297947551004
0.124135904,0.21500392,0.2197621217123583
0.3968743,0.12174902,0.1293511939974865
0.5840674,0.03170196,0.1860484728534788
0.054956567,0.2507843,0.1349496379789821
0.6330638,0.5914588,0.0725173756721138
0.016166944,0.30336863,0.0475104523254528
0.06511825,0.24972549,0.1419733261499261
0.35159856,0.5032863,0.2115771737094564
0.5806842,0.6663608,0.1995347218257825
0.087698996,0.24337646,0.1823383166222999
0.39048603,0.12495294,0.1511049822861846
0.016924476,0.2504745,0.0474251219750276
0.60070765,0.16082352,0.0455232042669786
0.06872212,0.45250195,0.1428987122596201
0.01994391,0.42525098,0.0642742396176723
0.33174214,0.09931765,0.2473269503839461
0.013459598,0.09994118,0.0362626280149533
0.11650106,0.4800902,0.2366499895420743
0.6504353,0.3353843,0.0650205392937837
0.58338225,0.088133335,0.2009803607849314
0.687792,0.06641176,0.0731297547042375
0.32285878,0.1796353,0.2652028313444807
0.15904808,0.17160392,0.2169724586941774
0.1281674,0.23350981,0.2091441116287647
0.011600119,0.13562353,0.0382069263329316
0.0897623,0.7453216,0.1857552213534314
0.192375,0.04020392,0.2335071276137414
0.34166786,0.20317255,0.2055520767893643
0.14770953,0.71010983,0.2247685757523043
0.7388861,0.78411764,0.0868146522760076
0.7194238,0.11257255,0.0915686771217356
0.1297123,0.13348235,0.1982059064512234
0.11854848,0.25233334,0.1727638604040851
0.17278826,0.23161569,0.2097271907870689
0.013898206,0.2128,0.0403639370505781
0.031892586,0.51943135,0.0870504555006343
0.07425847,0.6144902,0.1697251813777304
0.009689832,0.050898038,0.0308019399027307
0.7833879,0.36444312,0.0967050922619654
0.04101178,0.33519608,0.0974285857556526
0.6385913,0.61099213,0.0664351660092512
0.026595037,0.16679607,0.0722368230894308
0.019478895,0.14160784,0.0584725420819417
0.530298,0.37240392,0.1076950449265385
0.112453625,0.15670589,0.2143571713346393
0.16824536,0.31876862,0.2358821097864857
0.65800035,0.21711765,0.0858934592625566
0.13342497,0.52917254,0.2268303628788939
0.028524155,0.60156864,0.0724298051224093
0.3247442,0.33795688,0.227479504606918
0.115609854,0.6546706,0.2170716210733407
0.011733915,0.3323255,0.0433271150302341
0.011255995,0.27285883,0.0367028417891354
0.10408908,0.17338039,0.2246286221380774
0.05662387,0.23449412,0.1234862662223272
0.14702463,0.4007961,0.2536085343605454
0.14860518,0.8128353,0.2020285481533184
0.11324238,0.30441177,0.2215486927755007
0.33728713,0.59078825,0.2843933122422715
0.6575907,0.12352157,0.0832676247111128
0.0111017395,0.32772157,0.0324752634428796
0.40793893,0.27543136,0.291095227591912
0.634966,0.61013335,0.0575622654387744
0.7738416,0.73271763,0.093045566422941
0.7132869,0.17472157,0.0855671868818563
0.31489637,0.060909804,0.2664600867388182
0.052925874,0.41901568,0.1180547307269339
0.8248719,0.60477644,0.0766686499518625
0.14354526,0.82855296,0.2904209578358888
0.61090034,0.3991255,0.0576352883320994
0.72585726,0.12664706,0.0921609789945805
0.62343806,0.59033334,0.0691410096664491
0.01076859,0.11093333,0.0380556798499315
0.040717907,0.74820393,0.1290503533561586
0.40395275,0.27929804,0.3061543570959918
0.047616936,0.26558432,0.1047566431451951
0.14777078,0.35485882,0.2267826831207341
0.39826512,0.20992157,0.1545823503108216
0.0066644996,0.29814118,0.0236213627496317
0.2470375,0.274949,0.2758386065435938
0.10261062,0.011223529,0.2017219460599787
0.5990479,0.38964313,0.242641872074648
0.14580762,0.3269451,0.2374200053929201
0.8604628,0.6523961,0.0911400573631098
0.5323975,0.3017451,0.097167471400527
0.662796,0.33326668,0.0762946315997201
0.11078282,0.23183921,0.1743039999974716
0.078068234,0.6916588,0.1739393644509766
0.007357775,0.23704314,0.0299750584985337
0.41588974,0.2149451,0.294192834633314
0.06442214,0.1614902,0.1562611386660965
0.61403096,0.74850196,0.0554134902082359
0.13118067,0.78697646,0.2247109172026095
0.062063664,0.29806668,0.1425513653064476
0.13326654,0.55822355,0.2130631851949262
0.043597408,0.25805098,0.1048192476260671
0.121197335,0.46448627,0.1699470014555419
0.086342275,0.24560784,0.1749096945916546
0.6329892,0.4832157,0.0679576126042453
0.2619509,0.12950195,0.2787028115625702
0.26100922,0.026156863,0.2820343208655826
0.14108767,0.73828626,0.2303299399639031
0.11861192,0.21537255,0.1956161469255522
0.13051215,0.1978549,0.1561098034353513
0.005335659,0.27981177,0.0197469403723946
0.09178585,0.31432942,0.1812867710769102
0.10787232,0.23240392,0.1958884438201325
0.008204484,0.27268234,0.0256884363511938
0.12196799,0.20529412,0.2048550780898763
0.15042895,0.25045097,0.2109087789962594
0.11660096,0.73869413,0.2341020792654491
0.38526416,0.11972549,0.1339067279431738
0.6665443,0.29684705,0.0693885110043572
0.8052652,0.30671763,0.0796900288418744
0.5848996,0.047243137,0.1606965342586317
0.18117884,0.23248628,0.2421718463469661
0.06509253,0.6741294,0.1510383373662382
0.10378668,0.17613725,0.1797619025097732
0.06973891,0.2922902,0.1530798754680879
0.015565328,0.16585098,0.0477136650828687
0.11979727,0.22828235,0.1930905098234953
0.023028478,0.77786666,0.0644456856005413
0.13580447,0.6301451,0.233629692989569
0.03138486,0.19447058,0.0849928593443581
0.780902,0.14157255,0.1188045503670789
0.6237835,0.7128588,0.065444635764565
0.06292024,0.33212942,0.1486779148760814
0.40309992,0.12621568,0.2424579454336531
0.65363,0.2609059,0.0623586554297783
0.7428644,0.835349,0.0989654985520238
0.040139202,0.5874902,0.0901181084814571
0.6357842,0.23821177,0.0648763021060228
0.8930893,0.31009018,0.0933958800921075
0.6614944,0.3261294,0.0742087123122838
0.6009627,0.7989843,0.0429956981593757
0.010123426,0.31118432,0.0306697379120736
0.0697934,0.2092,0.167813639450356
0.33987796,0.3206039,0.234564761135135
0.009386909,0.28197256,0.0336581230815992
0.08208339,0.8438549,0.1700883383754706
0.09802567,0.44014117,0.1850567287313592
0.090510435,0.02652549,0.1716642075060845
0.39331517,0.22797255,0.1711114374628164
0.04930534,0.36721176,0.109666851411712
0.118797876,0.23656471,0.1964353610294116
0.014210917,0.21686274,0.0443953881922166
0.11420575,0.31796864,0.1985385129774285
0.030359985,0.28498822,0.0781273430486774
0.13926655,0.6328549,0.2396485922399026
0.03366814,0.1559255,0.0893110234503867
0.11635723,0.7748941,0.2047722193681263
0.8154454,0.6421726,0.1042436288981496
0.7620391,0.81619215,0.0864007626929641
0.64813346,0.27802745,0.0718596333284165
0.8723655,0.6696549,0.0825567741421164
0.65284365,0.32777646,0.0564384865282856
0.086705685,0.1776902,0.1777005027251082
0.03240574,0.05652549,0.0893599707015413
0.8246244,0.61118823,0.1104987068028455
0.34800774,0.20300785,0.2149415217727687
0.5553907,0.24654903,0.1689411319305553
0.14246547,0.55374116,0.2459481785130223
0.06773497,0.124443136,0.1581457355105151
0.6420225,0.4411608,0.0783914709448037
0.02324864,0.2978314,0.0706670977942048
0.0120919915,0.38931373,0.0406067492354353
0.064782135,0.5108274,0.1384846055828167
0.8875837,0.3519804,0.0959736145736473
0.04919835,0.6005451,0.1109845101456575
0.09290251,0.69282746,0.1878402759223599
0.6340035,0.36002353,0.056669336775158
0.21788125,0.26077256,0.2678062862378724
0.15291254,0.60618824,0.2293753518861264
0.55519176,0.63369805,0.1622839424606244
0.15881866,0.2306902,0.2128329283036881
0.010358857,0.25184312,0.0408051270009363
0.2543659,0.48843136,0.3263884470481214
0.033097994,0.39795685,0.0867002940146655
0.05964357,0.24262746,0.136388147168539
0.31311747,0.09449019,0.2334140894568419
0.71728575,0.17779216,0.1019738888533883
0.098648526,0.051364705,0.1783809271236549
0.06785571,0.23324706,0.1511660589469955
0.06257861,0.18997647,0.1327530763533653
0.25139296,0.6450706,0.374010870765194
0.013719626,0.2838039,0.0411693582369755
0.011334054,0.33701175,0.033374113061054
0.32296613,0.38836864,0.228523883401468
0.06907391,0.31940785,0.1286541564062192
0.14379516,0.19924314,0.2182432900658712
0.11378655,0.13392156,0.1920922632916103
0.008858672,0.32467842,0.0305284488875457
0.06880125,0.35366666,0.1544862882099386
0.2331896,0.27932942,0.2467473721866631
0.119154,0.5330039,0.2279271561829023
0.401488,0.12104706,0.3165126991041213
0.82682383,0.14502352,0.0780189496756254
0.53759843,0.4444353,0.1272159862772632
0.10733074,0.25100392,0.2357050930774097
0.13837017,0.41227058,0.228866959762574
0.6349808,0.50994116,0.0613250525752664
0.010080383,0.27603137,0.0351901601118905
0.02723932,0.3582588,0.0736754923642026
0.015184004,0.08963922,0.0523806534227885
0.015485551,0.11268628,0.0460225247407875
0.12511422,0.3411961,0.2058103016329846
0.0111091025,0.25292158,0.0359245052616109
0.06538128,0.74865097,0.15699980694805
0.06610604,0.65706277,0.1381994726466833
0.8349592,0.24035294,0.1019254731666319
0.5389995,0.3286196,0.1227470803112837
0.02588601,0.25972548,0.0703437007709243
0.01853791,0.52786666,0.0643221892608909
0.6079826,0.74105096,0.0488814300828372
0.057228934,0.54377645,0.1234780714253461
0.33961704,0.15478824,0.1963281786099052
0.30871272,0.13316078,0.25410660538774
0.011005846,0.3195451,0.0312145704298749
0.014264005,0.18679215,0.0518063947266084
0.058322635,0.24411765,0.1263907820078363
0.57599634,0.09042745,0.187121529117748
0.019305302,0.32891765,0.0557114166636748
0.1336666,0.70134115,0.2167794857454403
0.129243,0.19996078,0.2159857597588645
0.15190917,0.4775255,0.2299118037757262
0.08899719,0.4152392,0.1928147002371566
0.1211106,0.68276864,0.2093200362341532
0.12575966,0.28675294,0.2111674630319399
0.17111383,0.1905804,0.2136714347378482
0.40466517,0.25092942,0.2648780779834772
0.64900625,0.28670982,0.0669198020472703
0.015893504,0.24761961,0.0525287803701306
0.049856525,0.41791764,0.1226623887519734
0.021659246,0.37973726,0.0829132932927749
0.8080151,0.69539213,0.0874716711785619
0.6411824,0.47959608,0.067432120488478
0.10516331,0.8377804,0.2173328403815169
0.007759512,0.25602353,0.0261458226397451
0.6345603,0.40200785,0.071717227560982
0.080631085,0.6130039,0.1826143841324376
0.19571045,0.41851765,0.2336355710438861
0.104310945,0.13503921,0.2123885055994376
0.6165397,0.61100394,0.0506040663239746
0.018647663,0.051831372,0.0567245406311677
0.03269831,0.3816902,0.0882500687147533
0.5473013,0.28561568,0.1228741906370461
0.68382066,0.049541175,0.0763451839355517
0.28444156,0.062023528,0.2028665692523124
0.021471389,0.05972157,0.0696935813597529
0.0124838175,0.3055098,0.0369181843267376
0.011799323,0.30167842,0.037915051660921
0.2575147,0.45801178,0.2990101896570365
0.16944577,0.24988627,0.2149697102685495
0.0127940215,0.058733333,0.0417555575340612
0.14782457,0.14930196,0.2123228382962029
0.10950119,0.012094118,0.2187804866414064
0.0075992807,0.2739608,0.0255771956436038
0.8324773,0.23338431,0.0841006589215771
0.13233571,0.6186706,0.2361791203249768
0.64086044,0.6478353,0.0807357003732895
0.20415232,0.27077648,0.2620496401769124
0.40033787,0.23164314,0.3297643329910613
0.025426097,0.7425059,0.0703610917389584
0.119627245,0.32011372,0.2547673031358133
0.012822874,0.32423922,0.043740796795635
0.16154288,0.19597647,0.1963795095842536
0.5636145,0.24930196,0.2838979436957246
0.04552634,0.8180039,0.1099963457746987
0.09877139,0.10737255,0.1976139166248423
0.21558279,0.78783923,0.3156420417705087
0.65346766,0.3559843,0.0829552848177552
0.09685374,0.10522353,0.1563365950547032
0.86515814,0.44531372,0.0793190068040079
0.51128614,0.3392353,0.0779697707121168
0.09639352,0.25676078,0.1990746444642473
0.16375323,0.31905097,0.1987806054104674
0.8394602,0.13457647,0.0898705805990169
0.14810333,0.66622746,0.2667602837291734
0.024849705,0.107,0.0620644185177531
0.08911723,0.345149,0.1989426677813746
0.11862277,0.47414508,0.2031047781963628
0.14028503,0.67054904,0.2469845529648019
0.030567862,0.1524549,0.0842318369038387
0.06368407,0.15350981,0.144932060894522
0.121807344,0.47962746,0.2462974152381519
0.011397842,0.12866667,0.0333328045278999
0.010217214,0.3752902,0.0389587623618727
0.33853772,0.17019215,0.2127012152648416
0.117624044,0.7992745,0.2520112097613642
0.856041,0.6682353,0.0864872274945509
0.16517773,0.6344196,0.2211451623608042
0.85417616,0.63316864,0.0928367160795893
0.10082674,0.48191765,0.1746165198617114
0.010748922,0.35236862,0.0320477191915446
0.32968593,0.21016863,0.2230620274902464
0.07732144,0.09753726,0.1365184370503033
0.086849816,0.30636472,0.1692571144758041
0.022935051,0.43955293,0.0633899108953173
0.09315878,0.23356079,0.1790797205471807
0.10824194,0.6719647,0.1885434575016955
0.009157713,0.16390589,0.0360251400555869
0.006805243,0.4920549,0.0264678579566071
0.034311198,0.7208588,0.0975879810889101
0.036229625,0.6029098,0.0989677320706498
0.1416132,0.17362353,0.2063394853878545
0.68621904,0.051882353,0.0906536915391729
0.34409195,0.2410902,0.2645111309725427
0.78132516,0.44512156,0.0869667856810012
0.12000544,0.7985333,0.2067717805379506
0.59683585,0.3437098,0.2659976589984705
0.10198774,0.008917647,0.1714676501357115
0.7523911,0.7999451,0.0876709639438149
0.093609914,0.25938824,0.1720120751293934
0.06461996,0.7189373,0.1485507862329775
0.12988156,0.36455294,0.2084211308060559
0.078093454,0.042937256,0.1605506212353342
0.34330022,0.17810196,0.2605514365432551
0.016688634,0.43915296,0.0525061131553777
0.11806673,0.14136079,0.2054528921005564
0.19475779,0.16825098,0.2117903977815087
0.72218454,0.18150589,0.0900838003175492
0.014130853,0.2672353,0.0405052557674556
0.14935413,0.2659451,0.2280576350879373
0.345502,0.16240785,0.2289940201392226
0.8378043,0.5557765,0.0909422148216014
0.0643219,0.023431372,0.137484949878621
0.07241076,0.25162745,0.1479335408834076
0.44163078,0.2934157,0.2394039214029002
0.0069384603,0.29542354,0.0242835639727018
0.048631527,0.4156353,0.105283797483866
0.088112116,0.011380392,0.1947986082366077
0.82760024,0.54975295,0.0960394004557736
0.78182334,0.60122746,0.0935459435471919
0.12150895,0.5427098,0.216571738227744
0.025199398,0.17587844,0.0763776112513382
0.027303007,0.22259608,0.0805932041745495
0.10642845,0.22652157,0.21439367224379
0.10276966,0.007815686,0.1960795798768956
0.006248001,0.3331451,0.0198243280901464
0.3291195,0.2845843,0.2003257571076789
0.08567114,0.05212549,0.1795704066333778
0.010210798,0.38485882,0.0346963297150753
0.32956257,0.07007843,0.1884938392321834
0.013599622,0.21723922,0.0403248909927978
0.055978224,0.2977098,0.1201730807329857
0.012159254,0.082564704,0.0368411792545425
0.628608,0.5169686,0.0574080239035297
0.01409716,0.26832157,0.039019051361007
0.9316885,0.51362354,0.0765524669473365
0.43132535,0.03434902,0.752430582593668
0.5108387,0.34689018,0.0965367894829776
0.5629153,0.6742157,0.1969505615713114
0.08173419,0.52803135,0.1716205724976424
0.0409299,0.22123137,0.0926251486963146
0.113488205,0.36986667,0.1955382825641426
0.059908964,0.4381255,0.1320461965911195
0.14544086,0.35417256,0.2073057799285362
0.047875214,0.17874509,0.1252887077923349
0.6307553,0.6044706,0.0715287795442207
0.01035026,0.35056078,0.0407714698298368
0.0126205925,0.060258824,0.0399555527476908
0.6168087,0.68535686,0.0687816832868053
0.010360608,0.096286274,0.0310935168598315
0.12608,0.4721059,0.2027657375836754
0.0099884365,0.112568624,0.0371151905034583
0.065583,0.24609804,0.1403256776848775
0.0514606,0.30740786,0.1170430449302107
0.009838118,0.29373333,0.0323318258321202
0.06917313,0.62061566,0.1594665181133709
0.13226868,0.22986275,0.2357857374972938
0.1353513,0.6345098,0.2164695176716725
0.2757612,0.2954196,0.2251771749494834
0.25577295,0.27217254,0.2702984155842176
0.10582954,0.028262746,0.2153690829216132
0.06591298,0.38750196,0.1408442146460174
0.11046296,0.6499647,0.2152495433847964
0.014035243,0.23895293,0.0437904454457621
0.03172382,0.55342746,0.089962005921704
0.121519186,0.7519294,0.261348953459979
0.06446745,0.20101961,0.1343251517792934
0.018525943,0.2298902,0.0636228225321774
0.14860915,0.34823528,0.1860751711458134
0.058337998,0.20642745,0.1235394715347851
0.015988247,0.17193334,0.0415552761699697
0.012999836,0.12223922,0.0457364183757356
0.030504774,0.7466902,0.0760894128907451
0.95319015,0.6661451,0.0740886242076208
0.6281446,0.7523255,0.0598915810581226
0.11245238,0.14745098,0.2068581442481701
0.5230793,0.35807842,0.0850474932401495
0.5683802,0.030843137,0.1586317133227496
0.60885215,0.06032157,0.054351682910162
0.099630825,0.10605882,0.2193890327254674
0.88268036,0.29488236,0.0928397533347984
0.2623427,0.30593333,0.3434991988030402
0.07093986,0.42406276,0.1598886531174853
0.2504598,0.46247843,0.3019352292065491
0.13830976,0.19128628,0.2319252061748038
0.4121801,0.4452706,0.2942143319646311
0.019382754,0.24853334,0.0600083902386054
0.12665696,0.55543137,0.2015769706020672
0.24917097,0.6697255,0.3131414529976559
0.08327245,0.2971098,0.1542716802471847
0.09566524,0.68194115,0.2057591916714028
0.027340043,0.81628233,0.0815005670387311
0.059854884,0.30573332,0.1380797131189974
0.011003644,0.32721177,0.0324873616030332
0.07993762,0.12797254,0.1868841466361177
0.025427971,0.38932157,0.0632934476842721
0.03847535,0.29253724,0.0900096373136555
0.016625986,0.27062744,0.0539298940274419
0.7767613,0.3790549,0.1243881002188311
0.3254784,0.19869804,0.2214038028663715
0.17051047,0.43942353,0.1836707291974631
0.17471959,0.35124707,0.2647814248283544
0.68574625,0.10077255,0.0855612304867763
0.33665642,0.16960393,0.2499002851668125
0.12269259,0.22731373,0.1789834574785927
0.09604757,0.07303529,0.148454978122042
0.083001874,0.6326392,0.1798361365587192
0.033216592,0.08841569,0.0995842685325495
0.14620024,0.23426275,0.2134924221681142
0.1456253,0.27900785,0.2104226579467497
0.12129444,0.76352155,0.1850680777450153
0.1463003,0.33819216,0.2274503685304501
0.08662169,0.24972157,0.1761851568177438
0.20560873,0.7384745,0.3704048284144841
0.014258032,0.15111372,0.0460172637311989
0.32133812,0.13016863,0.2003180057946009
0.006188801,0.3202706,0.0196219984604402
0.90861243,0.5381333,0.0713614834123814
0.020388927,0.21767451,0.0512315034656017
0.8642911,0.3573804,0.0992223213590268
0.12707248,0.46715686,0.2139016916290865
0.10359194,0.7609961,0.1786253628351038
0.6323033,0.33728626,0.0703313672669649
0.1495869,0.17256078,0.2454671014695819
0.72128785,0.16418824,0.0935558138187329
0.6400577,0.25348234,0.0697936770930736
0.0084051825,0.2974549,0.0278135696215644
0.058108006,0.20772941,0.1310575792437947
0.33170754,0.28028235,0.2366228169491068
0.3169935,0.12638824,0.2701777707586416
0.12324313,0.30701175,0.232345526775058
0.7283763,0.10781961,0.0687972589176184
0.11262366,0.0045686276,0.1833264757832276
0.93878335,0.27882746,0.0534827605516234
0.014325209,0.33717254,0.0442794014568576
0.6199658,0.66082746,0.067765473220035
0.09565047,0.80038434,0.2040735400506175
0.22579037,0.5130078,0.3122256726598827
0.5340284,0.4410392,0.1101496871541396
0.35828424,0.17857255,0.23375932004356
0.10216299,0.014654902,0.1806623866720537
0.025583861,0.35731372,0.0636936105577299
0.012141388,0.509,0.0449922379644133
0.038357127,0.008356863,0.085933622043424
0.012216842,0.2186902,0.0396259858747502
0.5990131,0.6965137,0.8694287296447063
0.046713732,0.3068353,0.1209690921732981
0.16299103,0.25178823,0.2065179915711525
0.028513467,0.09028628,0.0778507421503357
0.011667763,0.0033254903,0.0399249388349393
0.12930441,0.47850198,0.2094194071253784
0.7995432,0.35180783,0.0822427653196855
0.86220527,0.5913451,0.0976395010991924
0.10607965,0.3258,0.195388908494639
0.10422519,0.22843137,0.2173603645631484
0.52825963,0.5734078,0.1025535915559888
0.0855645,0.23947842,0.1708460657499722
0.63808656,0.3836196,0.0739547439496404
0.010444549,0.18376078,0.032729296965721
0.03948085,0.20912549,0.0932839570594435
0.7075408,0.09870196,0.0741909058859953
0.14226928,0.29672942,0.2107482147794326
0.7652934,0.46233332,0.1028466148398217
0.12491433,0.06559608,0.210574295861497
0.13096303,0.63032156,0.2334147071245803
0.667089,0.34296077,0.0792775702933712
0.11133848,0.32713726,0.2242304451012065
0.05614322,0.34670195,0.1268486275670428
0.10456689,0.16486667,0.1874864701432229
0.030355206,0.05979608,0.0809397357653134
0.32667843,0.1342706,0.2376925234436493
0.047585983,0.4253608,0.1175782793152649
0.060261745,0.21151765,0.1642382456843731
0.8249991,0.24522352,0.0929102549552756
0.13151999,0.15537646,0.1934540654971774
0.089397095,0.32251373,0.1885280384876384
0.37424,0.15664706,0.2052514447038314
0.060232326,0.53040785,0.1290650917034821
0.10274871,0.15397647,0.1677635922219761
0.10168454,0.7082353,0.207009870460945
0.010252298,0.32678825,0.0286921277285534
0.13896543,0.5616235,0.2015623946160242
0.056018997,0.2075451,0.1296820885905506
0.074733645,0.0034666667,0.1662994630775395
0.10545689,0.49588236,0.2139870955338629
0.012016944,0.30866274,0.0400519517223319
0.085407116,0.008011765,0.1825287776840702
0.6251309,0.6519804,0.0609985805069919
0.40542656,0.28384706,0.2251874194001402
0.016352499,0.20497647,0.0566519230822992
0.056880843,0.64252156,0.1518085606268044
0.10998115,0.33550587,0.1685227052062726
0.5276515,0.6700549,0.0872172913020454
0.7274382,0.11027059,0.0945060414055201
0.0094551435,0.27019215,0.034746882137929
0.017812544,0.14867058,0.0538339916401802
0.12504368,0.5918118,0.209470879817236
0.073308915,0.30835685,0.1551169543991294
0.039098885,0.843651,0.095144747797491
0.80006707,0.6968863,0.1022518235745937
0.16711815,0.38050196,0.2824260133826821
0.079792626,0.6360314,0.1703690543437132
0.09840244,0.2478,0.2285172432582838
0.39930382,0.26536077,0.1617228902660819
0.6022867,0.6889451,0.0563359555168045
0.06843399,0.16405882,0.1511211559687815
0.011480386,0.09673726,0.03799496348337
0.023016427,0.012992157,0.0572312357804495
0.115651935,0.7958157,0.2442918976922897
0.6479843,0.31656078,0.07647187999623
0.16489294,0.32433334,0.2320412878184202
0.03287278,0.1208,0.0749885824411509
0.029315708,0.15660784,0.0788210438722459
0.15580499,0.25007844,0.2167664090604139
0.034526214,0.36618823,0.0903723917461891
0.33747414,0.062847055,0.2148737325567628
0.02791111,0.0029764706,0.082979334207726
0.32062215,0.05617647,0.2517205792518978
0.027094228,0.7385059,0.067464858951446
0.056674503,0.8461843,0.1338321822797924
0.465762,0.32455295,0.2114627084516056
0.82611775,0.24374902,0.097839475047865
0.036717836,0.273149,0.0873946671047248
0.012755943,0.2115451,0.0437127781180482
0.8938346,0.5031255,0.0963088209783769
0.61990887,0.71766275,0.06725736533397
0.6341814,0.43291765,0.0697214985929208
0.89983666,0.32159215,0.1006274621891272
0.1570435,0.22348627,0.2331085915593852
0.1576638,0.7091255,0.2422876797619373
0.13171849,0.45461568,0.2019895861851761
0.6025469,0.049611766,0.0600846390051759
0.025293369,0.63816077,0.0663402244265551
0.2706466,0.025262745,0.2785559412503319
0.0686956,0.17557646,0.1494419555546906
0.10143681,0.11381176,0.2001391012104812
0.083800286,0.22682746,0.1694241159906183
0.13355938,0.09338431,0.2309121155699389
0.031103363,0.48027843,0.0832233160144421
0.02502421,0.29028627,0.0721871958371926
0.120705456,0.08651765,0.2203747102919974
0.029413586,0.16612941,0.07631037640271
0.099556655,0.17719609,0.2170707367652987
0.10825631,0.22321568,0.1721529597792329
0.5738987,0.03197255,0.163805758910453
0.033780023,0.4597098,0.0816525902776365
0.13914515,0.57747453,0.2263829357105896
0.11181921,0.7436274,0.2358808485257743
0.07866607,0.7983804,0.1697316130306834
0.63357466,0.6459059,0.054502087591296
0.041832022,0.006109804,0.1015653660023034
0.46460128,0.5638235,0.268527351804015
0.62984776,0.5316196,0.0628471454379855
0.020737087,0.40927452,0.0612209449656433
0.8000755,0.31628627,0.1004790363227232
0.0565864,0.40825883,0.1343676743175574
0.60250884,0.16325098,0.0550485868399037
0.521235,0.3013255,0.0730627943914349
0.89129376,0.18104705,0.0809080401157262
0.043993235,0.56713724,0.102017698540519
0.14478889,0.3132902,0.2709092468081783
0.08411653,0.34780785,0.1733945984152726
0.17967705,0.6859177,0.265982553596491
0.0615561,0.035988234,0.1457209909516322
0.093958676,0.34769413,0.1673699015907732
0.059984885,0.22320393,0.1329183879213079
0.11995056,0.51599216,0.231097264351781
0.09416317,0.20166275,0.1939097949961962
0.05588063,0.20541568,0.1184470323522288
0.8171434,0.4127804,0.1041415291664618
0.3951528,0.3840314,0.2182121586105969
0.66517293,0.36415687,0.0805566291144921
0.656275,0.28189412,0.055465677129499
0.31918138,0.096807845,0.2575685466555167
0.31080672,0.3977255,0.1994167544270182
0.017440738,0.02029804,0.0528077079802152
0.01348882,0.21991764,0.0411659813074882
0.3188249,0.18396078,0.2942202448763708
0.11011997,0.13,0.23807356559474
0.18938999,0.04009412,0.2139536012033596
0.16425413,0.16784705,0.195380160917184
0.02223159,0.34241176,0.0568226170937778
0.88414645,0.23132157,0.0819549660007585
0.07463094,0.36915293,0.1580019312050049
0.8521675,0.55331373,0.0934045229481588
0.108528554,0.42648235,0.2129130068646124
0.3102335,0.5127765,0.2877086740301116
0.07991636,0.2027647,0.1700335057753167
0.30916187,0.10332157,0.2379502893769234
0.5707476,0.13763137,0.1804568359477487
0.026310923,0.4475647,0.0826016633559283
0.31486595,0.84914905,0.3559387538704686
0.25262183,0.51753336,0.2726031730591252
0.39067948,0.20962745,0.2031897345187673
0.64764106,0.47113332,0.0731531181504572
0.06336565,0.14468235,0.1426747021244155
0.17594948,0.27622744,0.196788570533164
0.077219784,0.41963136,0.1611246802687054
0.12500842,0.27027842,0.1731775582640868
0.87570643,0.32107452,0.0896190852106655
0.12364817,0.16277647,0.2339841337074013
0.09122362,0.3507647,0.1853931381239221
0.060813066,0.7759843,0.1365212165887439
0.15942925,0.718502,0.2723037258325926
0.0959003,0.036882352,0.2019873796334529
0.04482806,0.007643137,0.1128070879596557
0.023281395,0.22358823,0.0697636783173251
0.041146453,0.3562039,0.0990970486602962
0.087006874,0.120003924,0.1762656252621073
0.034156233,0.23980784,0.0854601839892509
0.12979144,0.4169255,0.2394795485325576
0.41182613,0.27187058,0.2895360148370995
0.5996093,0.3365294,0.2758831502327035
0.13458836,0.15713333,0.2130690136035143
0.58398604,0.04532941,0.1832002801128944
0.4017594,0.39482746,0.3352387302404191
0.47834533,0.021819608,0.1326797774222121
0.12594555,0.36709413,0.1984484059792403
0.64956415,0.39667842,0.0727371347005609
0.64603937,0.48038822,0.07454896852856
0.886622,0.23912549,0.0832428101660895
0.156984,0.33704314,0.1981002305524115
0.7577664,0.63992155,0.0976945441937491
0.83319354,0.5557765,0.1052110532959538
0.39098775,0.23127843,0.1698157795598033
0.15357782,0.34280783,0.2269391068837599
0.01605078,0.42328236,0.046296750335509
0.34506783,0.73188627,0.3172739776833081
0.39601097,0.13045882,0.1797609671366534
0.029984372,0.728753,0.0825333385818494
0.0071964953,0.2739608,0.0260985774044604
0.8996543,0.51308626,0.092663533918972
0.33807805,0.20698823,0.2283761405923252
0.63494706,0.3929098,0.0568651732321767
0.02098272,0.23623137,0.0698041809902935
0.63909495,0.06697647,0.0664772943821172
0.019920297,0.33717254,0.0608482161535194
0.10012928,0.16988628,0.1455621810663756
0.032479066,0.3136902,0.0817299426881059
0.026890256,0.8371373,0.0780623454506624
0.031084055,0.2734039,0.0827918888886235
0.08877617,0.18366274,0.1818187052520909
0.81084794,0.49128628,0.0904712697516136
0.6347264,0.43032548,0.0676259543643922
0.007810739,0.20071372,0.0279855022760178
0.85095567,0.3795647,0.1025978948273431
0.04673672,0.3068353,0.1074575820921453
0.14141324,0.6291373,0.2165470643004163
0.08903347,0.6767412,0.1864265647429654
0.3286821,0.39359215,0.2223378803493714
0.18484645,0.8445686,0.278173231155131
0.11847316,0.6635647,0.2414703940953846
0.024062319,0.41210195,0.0608040606360341
0.07996984,0.7150667,0.1658881833489392
0.01410092,0.19956471,0.049573948647598
0.06716837,0.6001921,0.1482464037057629
0.102302894,0.64832157,0.2447610801148453
0.010118358,0.42062744,0.0343905039319331
0.51175714,0.36757648,0.114506951821397
0.016357718,0.11012157,0.0561873346193485
0.13006228,0.50000393,0.2185679929920149
0.023387313,0.1122,0.0728862693960656
0.40411174,0.4690157,0.2862848489637841
0.053102072,0.20865883,0.1135298356371017
0.11181159,0.2557608,0.2262618699959905
0.34052947,0.16976078,0.2221471575840257
0.028624546,0.3563098,0.0841472768569898
0.011686036,0.26548627,0.0371212344117333
0.25289884,0.09896079,0.3222222869745611
0.6092236,0.6064902,0.0498232679388146
0.017604958,0.29262745,0.0507131485866662
0.024817906,0.09085098,0.0632078347047082
0.10437573,0.11075686,0.1859941890326207
0.48585597,0.49002746,0.1470976392702265
0.8077828,0.63384706,0.088781117155503
0.111142166,0.09830588,0.172179857835221
0.010987775,0.07991765,0.0344430570568859
0.18664457,0.77890587,0.2292128216984301
0.3283626,0.17019215,0.2310017240303935
0.033061504,0.19565098,0.0834939440744319
0.27724132,0.43098822,0.2758154284736556
0.10624764,0.15774117,0.2021638029774859
0.6277016,0.36579216,0.0587764742937277
0.347753,0.12805882,0.2452447428440703
0.15505888,0.35926273,0.2372384211744223
0.13656293,0.19915687,0.1797686940455044
0.53080136,0.30388626,0.1260060576359367
0.007839381,0.32999215,0.0265289014404201
0.039925866,0.26647452,0.1044755953686605
0.3056607,0.12568627,0.2877091671805358
0.3349081,0.1827451,0.2377027657986139
0.2620466,0.046733335,0.3582758063757211
0.8904426,0.22635294,0.0918947140407375
0.14252703,0.30835295,0.2309292532755998
0.010571151,0.26519215,0.0404031454594247
0.6665255,0.11971372,0.0762111051399749
0.06510359,0.26238823,0.1513393830340717
0.02916094,0.5373882,0.0735700623542148
0.06477118,0.23860784,0.1520806910032272
0.08952273,0.16267452,0.188379440409626
0.117336445,0.35065097,0.2229479675773393
0.034679066,0.4874196,0.0782966368505706
0.06892758,0.30675685,0.1552139372090881
0.05212159,0.20498824,0.1200644162940475
0.6263975,0.56474507,0.0717268924395893
0.32528746,0.20644706,0.1923758687920981
0.13954468,0.41595685,0.1852114347521605
0.4005793,0.27459607,0.2733811324126335
0.6569155,0.33281177,0.0807190007866998
0.059815504,0.6205922,0.1356068533837377
0.10650438,0.48664707,0.2149193230447754
0.65607226,0.22865099,0.0719660211627655
0.082918376,0.014227451,0.1580477244680127
0.040235993,0.88190585,0.089198723394533
0.6245091,0.61710197,0.0735414648400392
0.4028222,0.25819215,0.3227250431656696
0.8891508,0.16383922,0.0901390952735754
0.07199223,0.50287056,0.1520394197881971
0.1574415,0.18186274,0.2346232529646338
0.09145734,0.23573333,0.1603693771986337
0.05404305,0.18271765,0.1227774625497021
0.8265692,0.41594118,0.0926715746524993
0.26865068,0.12826274,0.2386279539290952
0.02100528,0.30980784,0.0573466040085477
0.025025282,0.39632156,0.0745831380889861
0.026920002,0.1208,0.0894825021979271
0.027564356,0.41434902,0.0683080249593727
0.033541165,0.31750196,0.0929892247850091
0.10602597,0.42558038,0.2151845067741773
0.7726449,0.43005097,0.1098521284990658
0.5479301,0.34679607,0.1085549834367611
0.53291553,0.5078588,0.0877056269431211
0.14061701,0.120866664,0.2146866005341866
0.79005104,0.35141176,0.0904511398742906
0.07039968,0.17170589,0.148483257090763
0.018898522,0.21393333,0.0570717039057107
0.39816692,0.23127843,0.1856061273763193
0.033310935,0.15532549,0.0787253734379137
0.107120655,0.37683922,0.1928214101138646
0.068622224,0.7885412,0.1576190741831858
0.009260867,0.09948235,0.0282243618641843
0.6147145,0.7494196,0.0633032375635656
0.046249464,0.2010902,0.1171171584906669
0.07041743,0.43454117,0.1426565182510826
0.010028201,0.15403137,0.0331557909613974
0.11287797,0.18638039,0.1952496224372742
0.07457553,0.15765883,0.1604075344615842
0.52724135,0.6755451,0.0855399405286992
0.20424926,0.47799215,0.2783848939224242
0.0857641,0.74333334,0.1856624572378286
0.66973877,0.09724314,0.0850511998946366
0.05046494,0.04572941,0.1102780051139788
0.18099003,0.3893843,0.2392597569609988
0.011577181,0.2102,0.0344511905066612
0.11970624,0.2521843,0.155940213624987
0.32907277,0.12678039,0.2271191633854066
0.4088823,0.2841059,0.3028729591862137
0.14238822,0.7664314,0.2263162515673574
0.32728314,0.25463137,0.2019174570038151
0.25695786,0.24217255,0.3056483231339624
0.028953936,0.28251764,0.0768785071787947
0.044753008,0.2120745,0.100661997522557
0.035839133,0.3798196,0.0968970995214005
0.39507917,0.25504705,0.145468854601974
0.025728395,0.17985882,0.0735570804177474
0.15733469,0.8494039,0.2299943050482271
0.53716975,0.46255687,0.0951899703615778
0.62535465,0.6624628,0.0586963025852345
0.0100281695,0.26292548,0.034511055097718
0.17965175,0.4845059,0.2616386813853166
0.3116298,0.11724314,0.2409263889626666
0.7543953,0.5789255,0.0920791812586947
0.16260408,0.25554118,0.2385793026697765
0.50645673,0.46445882,0.1070445628354075
0.14600776,0.41560784,0.2322874015555104
0.06298914,0.48096472,0.1339940701794228
0.63626343,0.5676902,0.0619247685624857
0.22125153,0.8309569,0.4033274116415791
0.46089423,0.103894114,0.460063912312585
0.040516414,0.25334117,0.0965074778417884
0.31077015,0.11625098,0.2567710591951427
0.12171322,0.26122746,0.259605404018275
0.035066,0.5855882,0.0900826770472748
0.058135103,0.29344705,0.1212877767309096
0.12166853,0.49836078,0.1820201079986946
0.17292517,0.7037961,0.2385002269525785
0.038438488,0.4049255,0.0990024199426835
0.62666065,0.65212154,0.0622509011618837
0.009465109,0.29653725,0.0294835180170127
0.8040867,0.27630588,0.0690661337375218
0.74244237,0.8408745,0.0998382416545351
0.059799064,0.37379217,0.13882719080213
0.014067025,0.1088902,0.0452604925138084
0.16843893,0.19349411,0.2625950666384843
0.029567333,0.09488627,0.0776155617606611
0.24990042,0.73870194,0.3807769957445286
0.11946272,0.003827451,0.210923176257678
0.10281492,0.16785099,0.1520613530993392
0.33641452,0.21834117,0.2162115611434879
0.14988981,0.6570824,0.1936411603915975
0.0104997,0.3091412,0.0369601487450093
0.33758095,0.21500392,0.1921466297141327
0.0069432394,0.21811765,0.0271683707504046
0.113925554,0.4933059,0.1946372324405512
0.014534572,0.07238431,0.0429707618940453
0.14235204,0.2645059,0.2318980201735873
0.5537012,0.40574902,0.1686612955116086
0.02281206,0.7653059,0.0635239556927939
0.09164523,0.019360784,0.192471029030972
0.879983,0.22548628,0.1111226709216763
0.65223074,0.33768237,0.0820690884780801
0.030882109,0.21935295,0.0866936191336079
0.46114627,0.6026784,0.2288871780061185
0.029609658,0.14298432,0.0761352770741949
0.04874604,0.5868863,0.1239730961692983
0.6226956,0.48737648,0.0592318874815545
0.66104233,0.27418038,0.0696704498908327
0.02716892,0.13596079,0.0661545592258492
0.013143527,0.14680785,0.0427026486743877
0.45542204,0.2997255,0.1991683846713696
0.088168174,0.40487844,0.1606657919883764
0.012838388,0.06592941,0.0403044189298158
0.16734384,0.16360392,0.2027103825958077
0.15856609,0.2842157,0.2767371092932068
0.03419942,0.58486277,0.0815922109522966
0.049186654,0.45017254,0.1159267578980091
0.5994614,0.044866666,0.1941970476036014
0.8212672,0.6894353,0.0970228743495247
0.80401975,0.24991764,0.1050653929303455
0.040792074,0.31058824,0.0972403253604198
0.07337685,0.12053333,0.1598153167582612
0.020486545,0.19591765,0.0571227259153135
0.07510053,0.51549804,0.1541091559597672
0.32316643,0.16076079,0.2137522452676773
0.046222795,0.56692547,0.1098588294778853
0.57487077,0.020407842,0.1786599305948788
0.6392579,0.4979098,0.062991385478426
0.010534286,0.19573334,0.040840395185826
0.017650891,0.5022706,0.083156548881121
0.092576,0.32233727,0.1924757324245227
0.020381479,0.32448235,0.0592827602030825
0.5723323,0.028109804,0.1744997806156601
0.026930869,0.4625961,0.0681058302657425
0.09121204,0.19599608,0.1957640389398545
0.023746412,0.24269019,0.0708409711288714
0.29655865,0.3086,0.2335250609471737
0.0562516,0.24308236,0.1336114366883999
0.6459435,0.44925883,0.0651294374862123
0.008185148,0.33569804,0.027606285634151
0.14050183,0.4291451,0.2507716781123493
0.7604452,0.4641137,0.10404816350255
0.04252883,0.3530157,0.1001691944641646
0.75362045,0.23560393,0.0939221948751167
0.9386461,0.49683923,0.0671222211329476
0.14682056,0.5851333,0.2306545535277345
0.12995535,0.0062627452,0.1802951373561318
0.15273151,0.2663098,0.2536195159958068
0.61540604,0.6109059,0.0593432446838295
0.14674301,0.34679216,0.2194677721849431
0.3347296,0.37321177,0.3948634076863094
0.021919623,0.009239215,0.0668643731247127
0.03741807,0.20963529,0.0878542335041091
0.017305894,0.19458431,0.0524751419210391
0.17205632,0.3883137,0.2112966312897284
0.01420588,0.3367843,0.0431091185438338
0.15155733,0.36726275,0.2122378150206673
0.46213585,0.66882354,0.2357148209475013
0.018414984,0.09883137,0.0545615562533394
0.097547464,0.14001569,0.2028986003108944
0.37666255,0.7984235,0.3186259685386262
0.3867979,0.22720784,0.1596452222390852
0.3171278,0.10702745,0.2534825172034506
0.87564355,0.23225097,0.1028155701125153
0.0480168,0.38248235,0.1190142982137871
0.022548463,0.3551961,0.0626973810901738
0.020766022,0.03337647,0.062670274060611
0.67914844,0.06484314,0.0778825928352371
0.116491966,0.7797451,0.2335211728235875
0.94243735,0.6146392,0.0742145797139952
0.06845063,0.66961175,0.1602024904825041
0.61743,0.6659882,0.0507345279217728
0.08076308,0.15851764,0.1803697884380727
0.044554673,0.29020393,0.1098541819558994
0.1978204,0.02817647,0.2590348125434554
0.8405179,0.36793727,0.0813141238014454
0.018555133,0.27872157,0.0521372590919857
0.82921076,0.54687846,0.0923468227999109
0.0858073,0.39404705,0.1729577460874171
0.6664475,0.20452549,0.0811959517057789
0.035560727,0.051109806,0.0890768767810808
0.06277745,0.33193332,0.1347341086632074
0.015945695,0.27527452,0.0485714830022608
0.024678165,0.47690195,0.0727672348196471
0.009887593,0.26825097,0.0319771250229463
0.09175903,0.10869804,0.1947110265264044
0.53783,0.44411373,0.0968565883094043
0.8637044,0.5379647,0.0888421766422424
0.3845076,0.19898039,0.2958349331692052
0.04489265,0.11704314,0.121494624776475
0.022008682,0.44960392,0.0654969257264491
0.03026786,0.57903135,0.0746252415754204
0.6331206,0.53433335,0.06939946529416
0.6330661,0.5839098,0.0567018858498058
0.17240424,0.2502745,0.2302548756216107
0.058211856,0.21889019,0.1371606241042765
0.6666624,0.11792157,0.0937197230852644
0.1541893,0.4928745,0.2410274030722352
0.17004456,0.21189019,0.205087717976108
0.040980652,0.022960784,0.1075112807089426
0.035727937,0.029043138,0.1024521145481365
0.1337264,0.1978549,0.2121718259176414
0.007335626,0.24506274,0.0267583796026309
0.02770413,0.22332549,0.0712072724097308
0.030225635,0.7613647,0.0847163254773544
0.7845924,0.5733882,0.094689828143756
0.12622657,0.2588549,0.1850161483124505
0.07357272,0.61502355,0.1634891083762678
0.20102917,0.03447451,0.3117024400597873
0.1005003,0.19398823,0.1934888373657896
0.317755,0.39273727,0.2251123319911401
0.009977919,0.3206745,0.033120374878498
0.60618645,0.35555294,0.0788171934429777
0.62746507,0.44039607,0.0706650337932817
0.20469154,0.6617608,0.3663433047450366
0.087703854,0.27292156,0.1771235914676308
0.6363983,0.51300395,0.0580229732000057
0.011315614,0.117905885,0.0379228770807241
0.06041358,0.562902,0.1404183822647518
0.9756083,0.6880314,0.0421285734177898
0.007523964,0.30489412,0.0267733060640459
0.5729534,0.02017647,0.1933828192083899
0.065669864,0.25424314,0.1404533157221293
0.06868303,0.5612039,0.1403079707955519
0.06745942,0.20058039,0.1467218696785757
0.12849762,0.60742354,0.1915413347074255
0.039743934,0.4251294,0.0945130029737408
0.027462488,0.74472547,0.0723839195257876
0.82918817,0.23326667,0.1016957447739459
0.063110836,0.8346784,0.1419317514583072
0.71618134,0.18295686,0.0917885331412904
0.58456486,0.41968235,0.2106465000390358
0.14102577,0.70483136,0.2313858152580455
0.025002634,0.061545096,0.0677738841786611
0.534086,0.31719607,0.0886185846610026
0.6359034,0.3144392,0.0605226622579408
0.5529527,0.22706275,0.1452753783807874
0.67081016,0.045564707,0.0837916676656249
0.08466339,0.5860706,0.1427275688051316
0.05861279,0.23599216,0.1465178561332364
0.01395512,0.25771764,0.039612333119038
0.043669447,0.07324313,0.1148518159795466
0.83426285,0.54361176,0.0802405366770466
0.7058446,0.1734,0.0873475556534695
0.01695063,0.056921568,0.047237875794624
0.13925962,0.3022392,0.2304470840261208
0.10822496,0.2557098,0.2043375710104742
0.6311964,0.54630196,0.066678225724966
0.05564582,0.21543138,0.1364892875652449
0.103399724,0.3216392,0.207052211833863
0.87055266,0.6528627,0.1033519067543038
0.06275854,0.008086274,0.1326426483425642
0.8840071,0.2812,0.0963238633844389
0.071727626,0.69592154,0.1503166164705736
0.31159452,0.101356864,0.267225949347629
0.32776147,0.29115686,0.258321777026538
0.11354821,0.56635684,0.2249724608322821
0.63659406,0.39561176,0.0724297299429739
0.14140376,0.22001961,0.2338353156700629
0.013341725,0.29429018,0.0357193089896341
0.6691003,0.18850589,0.0706695182056698
0.058553983,0.32409412,0.1243377612197164
0.015003651,0.29279217,0.0464856758740177
0.053729188,0.6845255,0.1243411325175721
0.040481415,0.37484315,0.0987414127727531
0.09089199,0.23082353,0.1625288075450783
0.10496536,0.3650157,0.1970068727328519
0.36788574,0.6560627,0.2803432195467599
0.040570572,0.32091373,0.102925265105356
0.25328687,0.048639216,0.2557942167189452
0.07711346,0.15291372,0.1591230362361241
0.022529723,0.5738902,0.0668941741272342
0.13080545,0.6993608,0.2252161617869414
0.013170752,0.27476862,0.0447254135401605
0.09298032,0.06340392,0.1902857105980621
0.046247147,0.5332784,0.1158520229396385
0.6396545,0.5513451,0.0667246160012084
0.151809,0.58652943,0.2433665410286203
0.028946223,0.1714196,0.0845775141726584
0.49204862,0.3499451,0.1153923793779309
0.14169061,0.6455059,0.2295469374547977
0.042094488,0.18491372,0.1102642101694304
0.09280294,0.25937256,0.2054411856384289
0.14259155,0.35175687,0.1902516975335755
0.01526629,0.2649608,0.0446008431907816
0.009503782,0.19071372,0.0322721349696836
0.66095656,0.5849294,0.0747544413373897
0.6938191,0.07991373,0.0763607966512001
0.014352283,0.07406274,0.0515253030415997
0.024338044,0.31181177,0.0673432397475662
0.15477723,0.90399605,0.295121220627156
0.012690233,0.12040784,0.0374012829214776
0.6623276,0.25031763,0.0705422459037048
0.10008366,0.49186274,0.1816076711402102
0.10686642,0.4434745,0.166979706018894
0.0052647167,0.19050588,0.0183357252336783
0.03189747,0.40208235,0.0903512276062953
0.012755143,0.5160588,0.0339542699365734
0.13240601,0.26469412,0.2057415224399874
0.39464203,0.2291451,0.1821729152819738
0.06642416,0.38655686,0.1382205572853277
0.1757767,0.3402902,0.3017017322225613
0.026282083,0.12636471,0.0776294342855684
0.010512996,0.32220784,0.0377208115498174
0.048303917,0.3706157,0.1022589250965546
0.42791572,0.28720784,0.250592626119114
0.019657953,0.10621177,0.0517738297194001
0.15057388,0.24855295,0.2197228221532586
0.065371886,0.6385059,0.1422687266194721
0.60087067,0.054768626,0.0742689380847612
0.010740697,0.4098902,0.0343036968845328
0.18793611,0.7701137,0.3055135015099988
0.85470873,0.3855804,0.1011283428727376
0.046948507,0.21120392,0.106725861941088
0.5935144,0.061898038,0.2010894314554032
0.018684044,0.7693255,0.0559478025334612
0.18455729,0.16995294,0.1924262499690824
0.13141204,0.2632,0.1569136968672322
0.0762854,0.30187842,0.1540520586149311
0.89955574,0.23905098,0.0861754132834495
0.020744897,0.5286941,0.0618681671326771
0.6466707,0.3120039,0.0717538046192762
0.9423634,0.40171763,0.0601637628784792
0.07196709,0.7487686,0.1649710108040519
0.008254178,0.29872942,0.0348572986410939
0.03823911,0.7564353,0.0922097465720531
0.17750911,0.065964706,0.2492446648497182
0.06911568,0.7042902,0.1594424499015703
0.20757797,0.61874115,0.3783211698563354
0.19480379,0.44485492,0.220734046078712
0.12830833,0.53707844,0.1976815681195068
0.56491584,0.30896863,0.1601227818001638
0.11551608,0.19144706,0.2142772218526105
0.10645177,0.2488196,0.2207852385601574
0.54113847,0.27104315,0.1303035551963787
0.39010644,0.23470588,0.1641228384177461
0.3500066,0.12989804,0.2071468241022245
0.008001411,0.2063647,0.0235209736981004
0.062862575,0.36647844,0.1430209463983583
0.53821224,0.660851,0.1813777363638327
0.34125108,0.19513333,0.2441889077858192
0.011404747,0.2631608,0.0372923113371614
0.58419913,0.0478549,0.2328435242329434
0.027870692,0.49592942,0.0716060324489741
0.031888667,0.24567842,0.0899215355624437
0.06112077,0.56710196,0.1384929039354805
0.2938645,0.1002,0.24846593819065
0.073169515,0.6454118,0.1581289759156015
0.6199138,0.7339216,0.0636348216337483
0.79004496,0.15200393,0.0860523335495302
0.25426835,0.8389843,0.4213257203561465
0.15792891,0.62910193,0.2302103434026713
0.79656166,0.49274117,0.1107229032526282
0.6336286,0.5391137,0.0693451788006849
0.053585626,0.27408236,0.1274165400129615
0.13819164,0.40461177,0.2194125462759709
0.5350104,0.30166274,0.1165594355519802
0.009246544,0.27232942,0.029732697203465
0.0107743535,0.1391647,0.0391214392395834
0.54011244,0.29402745,0.1166870957568489
0.34026182,0.09504314,0.2332703930101544
0.037245706,0.06877255,0.0905762452939587
0.62224805,0.5031726,0.0628239303311068
0.72351235,0.22057255,0.1049675193903154
0.6537216,0.27533725,0.0702296578272192
0.029451244,0.20409411,0.0802019131975102
0.13195997,0.7183608,0.2291801746670204
0.64353645,0.5832039,0.0740380279316166
0.013936672,0.271251,0.0506829115390841
0.24960859,0.2804863,0.2455739397195599
0.10884908,0.4608549,0.2299323322332612
0.14042713,0.43204707,0.2349937888278174
0.19949995,0.017658824,0.2378781461095488
0.16028635,0.16800784,0.1766388088462853
0.13068587,0.42714903,0.209052902495392
0.046196684,0.36721176,0.1036783211393119
0.026298143,0.09558039,0.0738637556996208
0.048412517,0.33679608,0.119311711705736
0.08713703,0.22077647,0.1919762294822894
0.8085112,0.7459843,0.0985808210877516
0.13303554,0.40451372,0.2352783283591764
0.08223155,0.5412863,0.1655466053621075
0.093410686,0.118054904,0.2156870045350034
0.009288453,0.28959215,0.028035926389288
0.91989905,0.2472745,0.0786920214155217
0.036081515,0.11112941,0.1058902660904705
0.7159637,0.18379608,0.0758650922161929
0.0094728805,0.27824312,0.0308126652054313
0.15488094,0.33871374,0.2290453368669766
0.03813726,0.003917647,0.1148320871834787
0.054575134,0.21222353,0.146258974869161
0.15641044,0.13920784,0.1747820287931495
0.21215391,0.52839607,0.3242909139104468
0.16302074,0.4510314,0.2628721195939055
0.8420092,0.13455686,0.1069558818143465
0.063867465,0.5882,0.1364522066748766
0.10283941,0.21192157,0.1815494863457878
0.034095064,0.106698036,0.0852778099063986
0.61571854,0.5580118,0.0516001478832328
0.054892655,0.5479294,0.1404832322813144
0.9082786,0.37103137,0.0811436645134806
0.035561386,0.7239098,0.0980992867391931
0.04103537,0.24267451,0.0913886400303488
0.77585393,0.2796706,0.0909021085872443
0.12187914,0.16555294,0.2188473495092631
0.05901226,0.23352157,0.1352942779820266
0.053882316,0.12242353,0.1262057622738493
0.4374989,0.30826667,0.206864316139034
0.6327028,0.49020785,0.0567144946937976
0.0117668165,0.4538196,0.0398847822355399
0.013047695,0.26984313,0.0398815521100746
0.02097874,0.3685098,0.054485332597554
0.016706163,0.34953332,0.0517233490317659
0.1602474,0.5299686,0.2208489858705608
0.5656161,0.24063921,0.1729512961606134
0.14015914,0.53782743,0.2246482940800119
0.03936265,0.59333724,0.1202702399888592
0.28484333,0.07272157,0.236461961396633
0.32248336,0.09080392,0.2082441976000539
0.08906749,0.20591372,0.1744518251202294
0.3389679,0.10624706,0.218219758185083
0.82757497,0.5269961,0.1048809249687932
0.32811967,0.16005883,0.2593410557289837
0.007686233,0.20924705,0.0338474833192399
0.037471954,0.31680784,0.0903978607440778
0.14976095,0.3613451,0.2229082609232615
0.104540035,0.16969804,0.2133895668275527
0.13019352,0.22462745,0.194757335388219
0.13464423,0.41690195,0.2400835086844915
0.5205959,0.3422,0.0993113663096243
0.53652203,0.40369803,0.1150773190159017
0.016154297,0.3249647,0.0552767399967626
0.12588233,0.6806,0.2524694318677795
0.055806562,0.34464705,0.1221335637867557
0.055994704,0.4834,0.1198403824624305
0.62991595,0.5613451,0.0573102283402446
0.51810664,0.02394902,0.4410980841026377
0.4865513,0.22098431,0.159478993299142
0.11148305,0.62331766,0.2185114961523794
0.26048827,0.30240783,0.2609311876596684
0.5322725,0.0050431374,0.7095085583105973
0.18793732,0.26036078,0.2068231539383502
0.015460128,0.10381961,0.0434516361345563
0.15115204,0.7644706,0.2218989334646571
0.010146973,0.086419605,0.0302189562125802
0.016422516,0.19516471,0.0625701175996465
0.02065267,0.025568627,0.0547042237651094
0.30634463,0.06432549,0.2087305450773944
0.019109659,0.34796864,0.0537697864946419
0.04444519,0.25845098,0.1353695802939071
0.011154121,0.3540196,0.0368454332880218
0.1244154,0.42118824,0.2221658686205022
0.2952763,0.3012,0.3049211538661287
0.8092629,0.740851,0.1099049873516759
0.022654211,0.02752157,0.0667087536283413
0.18268451,0.30127844,0.2247292761932046
0.845292,0.41157648,0.082296683854375
0.07173693,0.4743843,0.1496925154367524
0.16119856,0.46971765,0.2440556038892564
0.4054574,0.4832353,0.3154708479134166
0.12542827,0.45185098,0.2052077712780468
0.57702047,0.021023529,0.1896467640556405
0.09025073,0.82438433,0.188430858485268
0.026384257,0.20313725,0.084018927099045
0.057895526,0.19700392,0.1252664285310563
0.104003236,0.30925098,0.1681320826811237
0.081002265,0.16927059,0.1754892377736275
0.9404228,0.73942745,0.064010132218282
0.017183175,0.12525882,0.0486065930908985
0.3041047,0.10142353,0.2651134826035185
0.104040384,0.14686666,0.2103702759295626
0.12332723,0.1414196,0.1829087665483203
0.26408696,0.16830589,0.3115260818811572
0.03513225,0.09039608,0.0912335273602336
0.052545536,0.1252549,0.1312473066732096
0.03155523,0.63816077,0.0750919428517005
0.14448597,0.3688196,0.2037448010058636
0.013751883,0.26032156,0.0436526914044323
0.06769459,0.18707843,0.15585480539301
0.083513744,0.23969804,0.1797718778024792
0.03167177,0.28894117,0.08676536317526
0.117032126,0.35132942,0.1846814765239178
0.04372438,0.5794549,0.0925748241669008
0.01468177,0.09847059,0.047752532671551
0.013859899,0.3417294,0.0564229896014139
0.6391075,0.51064706,0.072073972265555
0.11651021,0.26180783,0.2112909915349108
0.037110522,0.1916353,0.0925660846678995
0.35385096,0.46225882,0.2479729774396719
0.15573287,0.29117647,0.2223451393480273
0.1335781,0.5483569,0.18787411392463
0.2586837,0.036368627,0.3057856212700177
0.09241168,0.6831725,0.190133523796025
0.098379366,0.43234903,0.1783987896569596
0.07040075,0.22743921,0.1489339088837071
0.06465131,0.82536864,0.1596313442960555
0.59716356,0.16967843,0.2447381560520705
0.10129163,0.536851,0.2098731692176793
0.012660596,0.47659215,0.0412561074782745
0.031728428,0.54100394,0.082243776441911
0.009036616,0.29230195,0.0296168260158549
0.044815384,0.67207056,0.1042506053994821
0.014788035,0.28106666,0.0438985628314512
0.13586883,0.30476472,0.2021181388359247
0.14452867,0.3657098,0.219953635076662
0.6937323,0.06513333,0.0862458393672862
0.12874457,0.6630314,0.1939059409228027
0.17442337,0.36915293,0.2034931070888304
0.008585018,0.29416472,0.0291521746643212
0.02335581,0.64731765,0.0586083088440485
0.13424297,0.610498,0.1971186947729177
0.7509795,0.7611882,0.0914429310033759
0.57743895,0.31647843,0.165992109917463
0.72907287,0.110407844,0.1013330457838552
0.5101308,0.41775686,0.0803038355397989
0.013129467,0.3740549,0.0414794783623951
0.6505843,0.40741962,0.063945575437228
0.34489208,0.1279451,0.2053631116627101
0.003354951,0.2733608,0.0125481291569079
0.6094064,0.77318823,0.0567007333672329
0.4546446,0.45687842,0.2111151758049029
0.14547203,0.13571373,0.1962842195719547
0.10375326,0.34697255,0.2172630860572685
0.3237189,0.39183137,0.2297595666259666
0.0067037046,0.23318431,0.0275183035211202
0.021967039,0.7895137,0.0607745989958209
0.6059241,0.38364705,0.0803856024122686
0.010857867,0.28527844,0.0344560309544043
0.0663884,0.025462745,0.1484204806450931
0.85142905,0.53950983,0.098647427561636
0.6563355,0.17431372,0.0686422728329887
0.0911147,0.14608628,0.1847124234398263
0.011074502,0.33521175,0.0388354404752252
0.39182872,0.20452549,0.1661966118208795
0.6355114,0.45918038,0.0564474268262651
0.0961179,0.13870588,0.172415903418464
0.0818574,0.25382352,0.1768282994819142
0.041875724,0.34756863,0.0945792029843075
0.15823384,0.31816864,0.1853871309871954
0.11087061,0.35428235,0.170752731779397
0.008284861,0.27850196,0.0270650782298693
0.013129714,0.51773727,0.0444448001455835
0.2637015,0.22645098,0.240467670553965
0.11107274,0.74081963,0.2234771989358567
0.59272337,0.7288667,0.2150427834940724
0.5719071,0.6731216,0.186946767128525
0.7983218,0.15341176,0.0928819367190139
0.06592733,0.6674902,0.1494210752346029
0.08644292,0.29966667,0.1795377470984775
0.10434869,0.751251,0.2091580325408511
0.021764077,0.1562,0.0674717280781341
0.086621724,0.33027843,0.1651344537040389
0.048744563,0.5417059,0.1269592097799734
0.036737327,0.38119608,0.0945348450194071
0.07426231,0.2707451,0.1555429727487962
0.03881939,0.5791294,0.1060632292521785
0.13595241,0.28506273,0.193735348268712
0.14571242,0.2221451,0.2114176080022272
0.2964544,0.13288628,0.257001069610951
0.10117108,0.31161177,0.2077840866284984
0.5674405,0.02134902,0.167852701680079
0.015119744,0.032215685,0.0475320181331377
0.061954513,0.10280784,0.1341928218131368
0.06275309,0.22092941,0.1312531747086834
0.093932554,0.06181961,0.1789413777586674
0.08625328,0.4296745,0.1852208493225486
0.010547633,0.35441962,0.034913290137761
0.097922914,0.65262747,0.2005617452676871
0.6723662,0.6561608,0.0719715325398224
0.018367887,0.15329412,0.0684156372139021
0.0194891,0.11493725,0.0590491005941358
0.31868064,0.1339098,0.2204492533183252
0.009957165,0.3406392,0.0249336232808107
0.66948456,0.10812549,0.090895775638452
0.10316607,0.19205882,0.1977630169025525
0.1542894,0.16588235,0.2159617113677227
0.47755814,0.4795294,0.165868950574909
0.11901475,0.20428628,0.2324757276640104
0.09799147,0.5536745,0.2024636485367211
0.3117356,0.055407844,0.2363757485865735
0.028700525,0.31268626,0.0755730584995063
0.06497393,0.24033725,0.1528246042725118
0.08089681,0.3904941,0.1552615664383013
0.020840924,0.24209803,0.0589095346243697
0.20234872,0.78843135,0.2927191708543468
0.030863956,0.7818235,0.0823124306710283
0.0115863,0.3682039,0.0370799527824643
0.30060464,0.12198039,0.254789315248098
0.017386783,0.5124549,0.0575710637429614
0.04066053,0.30074117,0.0956892014554083
0.015415575,0.35309803,0.0469112445061841
0.558917,0.14072157,0.1343656886591764
0.6344902,0.52243924,0.0607109162924868
0.12636214,0.4920902,0.2426819562127428
0.5346383,0.7069137,0.1184150716140084
0.033764374,0.5090941,0.1082452548619869
0.8873872,0.23451765,0.09260227727707
0.020729268,0.094439216,0.0498405008008034
0.4068895,0.2868902,0.2451936053019849
0.3221889,0.110909805,0.2891184140645939
0.69023305,0.5525686,0.0842480621752463
0.064717956,0.022552941,0.1538597766765244
0.49764496,0.2587451,0.1590800480874367
0.6496942,0.22966275,0.0743073408580226
0.064756334,0.34756863,0.1421965918048546
0.032804348,0.13921961,0.0845492324961981
0.008506067,0.21552157,0.0251980245111893
0.06864684,0.75546277,0.1484710658545533
0.06984226,0.22320393,0.1397668544345876
0.0536645,0.26524314,0.1248709024769698
0.6448504,0.6384902,0.060130341785626
0.018521585,0.18791373,0.0464664976391185
0.3962248,0.19507843,0.172583497801549
0.11697338,0.30727452,0.2186858420235848
0.15985994,0.30710587,0.2563316820309727
0.3063617,0.049545098,0.2232068619763745
0.26979664,0.41586667,0.3121238813543711
0.6567967,0.3606706,0.0732250627308799
0.05497532,0.51051766,0.1062543708465631
0.40029994,0.1345098,0.2961423257809956
0.012223438,0.16535294,0.0389888470540899
0.030868221,0.7649843,0.0841634125348898
0.07500029,0.11265098,0.1642860535032722
0.32519895,0.1740353,0.1877977257961928
0.09654586,0.6874902,0.181809054075445
0.64723516,0.27108234,0.0615646149057476
0.12416792,0.35459214,0.2180644760790532
0.01933686,0.35927844,0.055692184104134
0.0835396,0.0033215687,0.1765942785974115
0.00927198,0.4610902,0.0284620798155951
0.5907202,0.5205961,0.1794325220536448
0.03463274,0.17819215,0.0888357334776292
0.6611494,0.28452548,0.0849780172512519
0.5671386,0.016192157,0.150964601856312
0.12287021,0.027345099,0.2006201385373384
0.24394827,0.16491765,0.2519465180154857
0.16684517,0.47080392,0.2629371852863714
0.11528844,0.25422746,0.1507048431284866
0.1520138,0.6712353,0.2587455566678387
0.14276206,0.17871764,0.2360159447428031
0.013017505,0.14733334,0.0372920691753941
0.032877587,0.23456079,0.0840612910689689
0.0063801,0.3210353,0.021805577587645
0.11538326,0.058890197,0.1620338296975097
0.070361204,0.20294902,0.165171147063828
0.008430771,0.07159216,0.0274176440379842
0.06544859,0.35935295,0.1591232196386657
0.017064156,0.26659214,0.0464754009200716
0.71370375,0.13156079,0.0689502709479399
0.6324879,0.36315295,0.0667689009998795
0.39470807,0.11460784,0.1403084147590111
0.16099267,0.53572154,0.2089407527935146
0.12608914,0.2953961,0.2425215707205405
0.036567483,0.29332548,0.080791799127903
0.048572317,0.0054509803,0.1209497728624603
0.0126449345,0.14294118,0.0510841395695136
0.50015503,0.47885883,0.1339628467733102
0.53869796,0.44404706,0.0876929819865527
0.026774416,0.17758824,0.0654453708078237
0.04845456,0.06455686,0.1153236931477564
0.119840056,0.2536,0.1823020858104356
0.8218548,0.6219569,0.0939704648354593
0.1264964,0.21845882,0.2452104330505001
0.8335471,0.23923138,0.0907293671736566
0.2670166,0.4186157,0.2771247175601894
0.75981367,0.4852196,0.0947970204337624
0.069803104,0.84196866,0.1625296789388293
0.1790481,0.5667451,0.2241947902744744
0.014080196,0.2731098,0.0439856363509507
0.13924852,0.6328549,0.2751049960222206
0.016772734,0.3530549,0.0525608854374109
0.7005814,0.08443137,0.086262601712828
0.11352073,0.2525647,0.2233224055948246
0.6432945,0.5135372,0.0764420751993919
0.58638555,0.15579608,0.1948874739991966
0.038040504,0.55917645,0.1032835856202846
0.007795713,0.29901177,0.0304878548110506
0.6343969,0.29164705,0.0588464391144829
0.0073995716,0.36743137,0.0257046851605457
0.9119546,0.21449412,0.0899066173656473
0.058327243,0.7221255,0.1226057726446918
0.01676252,0.24512157,0.0611269860209529
0.062714554,0.24411765,0.1514809387798857
0.11410515,0.22403137,0.1435828852831411
0.12910418,0.45541176,0.1991819712713782
0.66823393,0.28053725,0.0708621482507774
0.12280447,0.18506667,0.1873699218297535
0.08772234,0.15406667,0.1772532491486463
0.9463468,0.2562392,0.0651935161184906
0.45910704,0.4170941,0.224348706675997
0.83894646,0.13335294,0.0912804371674684
0.015725236,0.2730353,0.0473188912815693
0.8966259,0.21427451,0.0777704622356345
0.6309551,0.6513098,0.0751599554530215
0.38629696,0.17777647,0.1823673682877078
0.038651597,0.6243059,0.1013898927244201
0.06373523,0.22455686,0.1375528538513004
0.12707053,0.35358822,0.1896061044732775
0.07310585,0.40611765,0.1545818041530791
0.07507652,0.5919647,0.17697908524789
0.100216635,0.009376471,0.1613950877478178
0.11222098,0.28326666,0.2247103579553615
0.09696895,0.22682352,0.19842780654469
0.024525713,0.09219216,0.0691990946052653
0.06927828,0.4979804,0.1379317417351656
0.16523717,0.27357253,0.2120082829570728
0.013045603,0.37859607,0.0476277157066733
0.56923574,0.018654902,0.1718452878817505
0.07188856,0.20263922,0.1476549425466088
0.1527328,0.22731373,0.2033230903251965
0.018926539,0.17856471,0.0483860415545173
0.8276534,0.68781567,0.0944761624992611
0.0061958004,0.23247059,0.0211114625210414
0.04557162,0.34238824,0.1025968143066159
0.010545224,0.28178433,0.0339058381055717
0.7436493,0.77421176,0.0920944316840295
0.076194406,0.6111412,0.1584549761483779
0.011445683,0.27127844,0.032682725869205
0.78793555,0.4087451,0.0903259015329063
0.5701481,0.022807844,0.1641904615744415
0.09804283,0.23228236,0.1964465429905246
0.7600199,0.7978392,0.1106820015320058
0.44126356,0.2988745,0.2897207108562679
0.09889954,0.5745569,0.1829342447364582
0.8381964,0.55477256,0.1109097433459627
0.6355049,0.39459607,0.0559057543116019
0.32155606,0.1773294,0.2499204663995574
0.10100992,0.06164314,0.2075201500402618
0.1362653,0.45604312,0.2162393302844549
0.90998006,0.28361568,0.0737952679825624
0.14816265,0.41443136,0.2123054126453136
0.13614608,0.6109451,0.2292404842986453
0.2284124,0.03027451,0.2823171742460784
0.041111782,0.25873333,0.1088145389244666
0.054427456,0.46199608,0.1322566136232062
0.41208562,0.42496863,0.2877402635514897
0.8024757,0.6896745,0.0818079788341905
0.021436488,0.05666667,0.0602882724112403
0.012628883,0.75038433,0.0398770208109351
0.454864,0.41325098,0.2154241687804071
0.11086815,0.2681255,0.187394039724916
0.6595816,0.29067057,0.0699957837399325
0.097911805,0.56322354,0.1974038169102961
0.312345,0.1256,0.231749694130223
0.09887133,0.060658824,0.18539661332144
0.78974146,0.7521961,0.0916216684986559
0.11511989,0.43220392,0.2328131332722198
0.029596115,0.11324706,0.0790710478277883
0.029955387,0.0766902,0.0749386919978769
0.8520369,0.6176431,0.1207215003857253
0.09059633,0.09139608,0.186958253163588
0.017586531,0.63298434,0.055620399543195
0.5139545,0.24111372,0.0920585649895914
0.063720465,0.8240745,0.1478924205388731
0.67980653,0.57108235,0.0770897647000516
0.063049085,0.2232,0.1530399767218221
0.021016441,0.14622745,0.0568596545154773
0.07916668,0.6371843,0.1466164974846265
0.037071936,0.0764,0.1026602192679446
0.02411287,0.23758824,0.0696779435089346
0.5026862,0.31711373,0.0952787362369015
0.1572923,0.077011764,0.2117073603351342
0.15891363,0.18387058,0.2557850229794846
0.61917627,0.5258784,0.0736771382835324
0.92356753,0.30088234,0.0816075945896388
0.16879472,0.25786668,0.2179315943207332
0.72423834,0.16039608,0.0978285288508977
0.03901883,0.3781255,0.1017728932079599
0.050676912,0.9483059,0.1227109931776287
0.18907855,0.21007843,0.218577495184551
0.060028233,0.6706196,0.1323653517076239
0.0081840735,0.3306549,0.0322070827664023
0.4571584,0.33813334,0.1951011574724882
0.04522901,0.1469647,0.0994113756772175
0.010668112,0.3429647,0.0308889946689142
0.1243042,0.47656077,0.2393752428558669
0.028438844,0.80449414,0.0833524316909453
0.6043581,0.65408236,0.0547023000588766
0.06581336,0.008478431,0.1709109754310331
0.16211176,0.7944353,0.2540507387981557
0.32417813,0.091192156,0.2539721902849339
0.53192645,0.53377646,0.1286037657348915
0.10435962,0.15733725,0.1501055496750814
0.5122948,0.41316077,0.1046665687768981
0.9463319,0.596451,0.0525809355378188
0.145104,0.16742745,0.2205557781949133
0.028275957,0.29028234,0.0724972298447135
0.08395528,0.30116862,0.1864959964134064
0.020745795,0.7159451,0.0625331164750281
0.015552525,0.1088902,0.0426529290363187
0.06983383,0.10757647,0.150281665786037
0.028150449,0.2809412,0.0698501656215829
0.013144805,0.364651,0.0459726461548374
0.684226,0.075588234,0.0720104373846997
0.008790518,0.23439609,0.0252226267867059
0.0064318925,0.31272158,0.0237646304145151
0.5921886,0.27181175,0.1771135709813169
0.02577179,0.7511412,0.0765556275090747
0.056097236,0.35779217,0.144466544309963
0.0058734864,0.33006275,0.0285059068813147
0.8930633,0.36981177,0.098187778949619
0.024646044,0.18357255,0.0830915777912816
0.63224477,0.4905961,0.0671465672569036
0.013280421,0.28771374,0.0401801138077977
0.75536203,0.57720786,0.1030425026450738
0.16708961,0.8129294,0.266611922432542
0.58393866,0.09894902,0.2083162232674196
0.0113632325,0.030952942,0.0351052499188398
0.027183063,0.22801177,0.0631600201236533
0.24504825,0.48493335,0.3342517558520453
0.050887175,0.3776157,0.120337200946223
0.12721854,0.5545608,0.2527007721343892
0.02459998,0.1065451,0.0752071631114695
0.664621,0.056031372,0.070092877544027
0.10136029,0.1864353,0.2179861500980884
0.976826,0.6986039,0.0469714434008556
0.10592228,0.21353333,0.1647932187501284
0.33830914,0.17215294,0.2058393685236781
0.7582758,0.6663961,0.0903213600669257
0.019094873,0.05378039,0.0541152795502081
0.11109931,0.15526667,0.1701092834145932
0.017226327,0.053313725,0.0544022741537832
0.07529093,0.20937647,0.1645411918424433
0.09694318,0.34231374,0.1771311554702154
0.08429201,0.5560863,0.1908464396328166
0.0296505,0.17495686,0.087600748140193
0.57426,0.023486275,0.1618869659518922
0.070244156,0.53164315,0.1490419911588814
0.8127613,0.24229804,0.0943008755740693
0.6132954,0.785702,0.0584771768516665
0.14425874,0.31129804,0.2042036466918446
0.7331876,0.15860784,0.1040891964464358
0.8977588,0.36756077,0.0872208738260564
0.020046802,0.10205882,0.0518667653515206
0.78634477,0.39087844,0.0970032315160942
0.4011696,0.27246666,0.2682271811725192
0.5325998,0.4970039,0.1181780488275372
0.46046057,0.33588237,0.1907737446783607
0.028294958,0.094611764,0.0746749413280872
0.82092685,0.5709255,0.1082344064018516
0.3944374,0.1797647,0.1937819671003707
0.1385596,0.41246274,0.1974785369460683
0.009279914,0.18158431,0.0360879503664064
0.9012629,0.24435686,0.0663367389792062
0.16657037,0.1977451,0.1964772123789834
0.10803651,0.10339608,0.19807064169791
0.024878424,0.020364705,0.0731265066074417
0.8713015,0.22564706,0.0726790713646903
0.04740249,0.20963922,0.1157550077437165
0.88008165,0.28274903,0.0939760064940866
0.15604594,0.4101294,0.2313428121275603
0.02247382,0.15033333,0.0680370417232418
0.04259625,0.8136824,0.104901788869044
0.0067155105,0.33740786,0.0242382168037314
0.109329365,0.24413334,0.1869995746203402
0.06801853,0.3196902,0.1494508356281164
0.16962554,0.284,0.1792887389955401
0.5657706,0.031490196,0.1612930965170655
0.024615554,0.3419608,0.0716171068201078
0.6769421,0.45083138,0.096818223830974
0.10555944,0.19422746,0.1795494783644023
0.011818282,0.27043137,0.0357535454190866
0.038368978,0.7679412,0.1012991569494051
0.07165598,0.6445569,0.1525647664509289
0.07226497,0.6779961,0.1519690680840209
0.02935127,0.005172549,0.0746628995799533
0.18587728,0.29191765,0.2049659370027989
0.6913003,0.076356865,0.0830008649329812
0.8841136,0.2313451,0.110735634023229
0.015424479,0.26261568,0.0440075646487557
0.021122336,0.34978038,0.057220281751127
0.63520086,0.56564313,0.0603373122512644
0.51228577,0.35203528,0.0843271335078532
0.1565065,0.20164314,0.2027432679267167
0.012742693,0.32444313,0.0383087242908162
0.025082137,0.2778392,0.075953574397947
0.15776575,0.17560393,0.1809915279263725
0.1447271,0.16567451,0.2430310252626941
0.16509654,0.3090157,0.2191694907157889
0.060876556,0.3594,0.1523903850700999
0.09484011,0.7285569,0.1987270696474958
0.10617382,0.26835296,0.16709836924042
0.030924646,0.21928236,0.0827886802458686
0.019084726,0.34999216,0.0507148525234862
0.05092854,0.44248235,0.1208829466948697
0.657468,0.30442354,0.0766026639468271
0.1100453,0.06049804,0.1823258164689117
0.2741335,0.24321568,0.2341206475659198
0.09207688,0.11883529,0.2010504119649493
0.40785232,0.35333726,0.2560318808889607
0.8783701,0.22909804,0.0976622805132609
0.15874726,0.16884705,0.2182177622320043
0.11108075,0.18648627,0.190705608434091
0.3722526,0.15664706,0.1893369241394736
0.6659413,0.11642745,0.0918689387695137
0.2896789,0.38474903,0.2333460094085345
0.7925474,0.32347843,0.1126811708317081
0.09573452,0.18195294,0.1941939305339227
0.010625996,0.304349,0.0352470953073358
0.011587131,0.300949,0.0448169372396976
0.5343382,0.5101333,0.0923218846694557
0.025724282,0.10152157,0.0751388878201583
0.1381164,0.6972471,0.242088064214656
0.16217609,0.1854,0.1832828669748482
0.2186844,0.25177646,0.251979495869495
0.02530041,0.21928236,0.0646334650730239
0.10923075,0.29577646,0.1823590890365072
0.2261785,0.017588235,0.3201607917525024
0.5190132,0.47104314,0.130257928807816
0.031730503,0.61163527,0.0831771109916168
0.015124739,0.25476864,0.051683987900695
0.014105385,0.25333333,0.037459435940194
0.20732242,0.4637608,0.292430639921531
0.62751395,0.3339961,0.0591471229588471
0.081192434,0.36439607,0.1683637511519011
0.013098085,0.0908,0.0391247690813339
0.8800401,0.3189843,0.0932036911081026
0.1060103,0.26474902,0.1913345602460182
0.3141304,0.15505098,0.2407722731326571
0.53019166,0.5375255,0.0727367183442635
0.8843536,0.2276,0.0908019415876009
0.6475639,0.51076865,0.0736615284205635
0.08570715,0.457549,0.1864992395809611
0.07226613,0.44762745,0.1611119777337701
0.0173992,0.09679608,0.0457527411737291
0.009133015,0.057290196,0.0320830787847904
0.13841158,0.3454549,0.2457169684237867
0.090505116,0.27230197,0.2033905427586932
0.08079984,0.2319647,0.1616511416612858
0.047721468,0.3489608,0.1122573064936781
0.34498832,0.7179843,0.2500809173157858
0.31761083,0.20326275,0.2231777534564629
0.15833718,0.3442902,0.2480304891839927
0.024198538,0.0072509805,0.0636655124270806
0.07532935,0.6840431,0.1716707099026241
0.64354515,0.054619607,0.0824006440214664
0.29970446,0.3648549,0.2255688628351394
0.09719357,0.66008234,0.2045851755614389
0.6606592,0.19998823,0.0876065390269129
0.63642436,0.5719647,0.0776893865488428
0.20455307,0.035058822,0.2858616739528226
0.16563658,0.23872942,0.2081457260888383
0.15053934,0.52934116,0.2316388496097624
0.15080777,0.61744314,0.2504413354313879
0.010815263,0.28412157,0.0366055341196961
0.018282985,0.05825098,0.0609959510927807
0.049362525,0.31485882,0.1147858106875154
0.020951875,0.4883608,0.0633439857106368
0.034661077,0.12338039,0.0907562131835526
0.1193737,0.63567454,0.2044805804975162
0.13132823,0.106,0.2253137950776506
0.03355892,0.21689412,0.080864840855641
0.022268152,0.33073726,0.0597832052988329
0.13208611,0.43746668,0.2069479533719841
0.63874745,0.31757647,0.0748032678020411
0.1086016,0.4183412,0.2460892110432689
0.014223219,0.3430902,0.0423294708257755
0.15246767,0.18799607,0.1621229834977006
0.0293128,0.18622354,0.0770328307751937
0.40423584,0.29044312,0.2514556195132607
0.10100072,0.27324706,0.2054670006241124
0.01456549,0.30022746,0.0463425147604831
0.16393109,0.23339608,0.256302976870448
0.055431467,0.6382667,0.1279879925247828
0.5330995,0.0063803922,0.0847015627103491
0.0076944884,0.28357646,0.0251249211659283
0.63757056,0.54206276,0.0695330962190337
0.009786553,0.304349,0.0286835131545964
0.56073564,0.2824353,0.203640712107344
0.94176453,0.5406275,0.0740575536196832
0.021965077,0.25462744,0.0663581091734364
0.03386782,0.09450196,0.0816026551315903
0.08725131,0.6770353,0.1782616817320131
0.066855796,0.70939606,0.1347150089572162
0.3984081,0.29572156,0.1526831395129787
0.15030684,0.26177648,0.2086860801327398
0.12311968,0.01577647,0.1619624391391654
0.054269172,0.1516,0.1157440335663517
0.07597669,0.03397255,0.1381481474680046
0.5981699,0.10877647,0.2346757983530223
0.09673458,0.18923137,0.1773651159328391
0.029518865,0.7936314,0.0802356410583018
0.006757042,0.18281177,0.0267294095679109
0.02619774,0.51899606,0.0624439000964005
0.013300121,0.10496863,0.0440659034661099
0.63021415,0.5391137,0.0622669959803905
0.0092541715,0.4732941,0.0280405229561482
0.13738135,0.32297254,0.2352336273447583
0.12338288,0.39699608,0.1937471540230752
0.76900536,0.2545608,0.0769704884591067
0.07206004,0.31322354,0.162077229064489
0.021429632,0.27713335,0.057556833979244
0.50169945,0.55271375,0.1097651700460635
0.02537499,0.5655451,0.0650882966053785
0.18371099,0.24947059,0.2286397709773899
0.011985677,0.5122,0.0412046281249076
0.077900216,0.2866196,0.1735130695102742
0.0068162573,0.34179217,0.0269988596366315
0.16761999,0.48821962,0.2100111147113879
0.026230162,0.5481137,0.0693461670147598
0.6120682,0.6813725,0.0618204603315915
0.08848305,0.011050981,0.1519519736291417
0.10963523,0.13932548,0.2214561530368455
0.53135014,0.34177646,0.1271675086637047
0.06052585,0.512498,0.1413813020442326
0.75979745,0.538549,0.098961396398707
0.14621946,0.32440785,0.1914678888158995
0.13497816,0.6138471,0.2154252296906855
0.2970866,0.1341647,0.2777367931059402
0.012321579,0.19609804,0.0360287530603779
0.7172498,0.17278823,0.0885214675558832
0.008970539,0.29664707,0.0335064392859193
0.03008358,0.33635685,0.0846684186378857
0.4737587,0.23405097,0.1819415774211248
0.08194807,0.21233726,0.1444773722413549
0.630109,0.6854274,0.0650484042684691
0.059178304,0.37911764,0.1400355432904776
0.46402222,0.62231374,0.2976440162029575
0.008838695,0.34179217,0.0342818416929509
0.15938365,0.65078825,0.2472870841083612
0.09478235,0.35179216,0.1876245150573619
0.006898199,0.30930588,0.0216323449171923
0.84813774,0.32675686,0.0848324189577423
0.01653792,0.49193335,0.0434722620514592
0.7224161,0.17839216,0.0878415998289283
0.34243676,0.1388549,0.206231056409334
0.09084045,0.016788235,0.1776275730439258
0.10805893,0.15432549,0.2175458683071337
0.13137683,0.43971372,0.2266907392305717
0.096555404,0.29672942,0.1965722358055843
0.013314749,0.31024706,0.0397682791162118
0.7226301,0.18118039,0.098553069540954
0.1395565,0.44800785,0.2099960025514713
0.14687052,0.8008706,0.2505367743808739
0.02673539,0.16297647,0.0645187948473272
0.17268965,0.8435451,0.2461926737993462
0.069997884,0.7033333,0.1618688495510185
0.01006106,0.33395293,0.0353349410691971
0.018144762,0.27713335,0.0489906051545718
0.010250162,0.2629059,0.0305364757539458
0.04544849,0.0052313725,0.1150803831453763
0.102343775,0.24230196,0.2184501322603793
0.6594608,0.31404707,0.0725127029828698
0.647086,0.33937255,0.0610019067314475
0.039014786,0.07652549,0.0939418624355226
0.57211065,0.11367843,0.1817158893854503
0.0063754786,0.27137646,0.0213470368473555
0.6477157,0.28723922,0.0699628238794169
0.012065205,0.09244706,0.0406614725827276
0.02858234,0.47109413,0.0787265965465623
0.07453882,0.30187842,0.1661220587638559
0.08938009,0.24913725,0.1688768480497307
0.14281873,0.6793294,0.2414231887532032
0.65909773,0.43308234,0.0898303568479588
0.64885473,0.5112274,0.075530124867962
0.048590828,0.22557256,0.114632515782024
0.037844125,0.7578902,0.1013758289783301
0.13140082,0.34026274,0.2320680369372212
0.010532022,0.13114902,0.0295569767873508
0.7999708,0.6421726,0.1042776786953527
0.15253744,0.28628626,0.2704757502314397
0.13925284,0.020886274,0.2115309789890387
0.032203354,0.31912157,0.0807764076205221
0.38793465,0.2319098,0.196830294255938
0.11967474,0.79986274,0.2088434670229087
0.38346863,0.11892941,0.1525774030040734
0.019435229,0.64356863,0.0581104746881837
0.013722283,0.4231608,0.0458179916384392
0.09045195,0.7122667,0.1843315767829738
0.93946016,0.23803137,0.0626516212484185
0.12112879,0.35607058,0.1961015927931472
0.7608417,0.8826353,0.0895727085285849
0.64279974,0.5214784,0.0780627509649758
0.3967148,0.23695686,0.1687763954939088
0.043943744,0.21153334,0.1029944741218683
0.0470018,0.318549,0.1258001465098904
0.28295317,0.14262353,0.2722668065351603
0.14807472,0.5056902,0.2083275486068355
0.068599015,0.55953336,0.1544327024517983
0.8842594,0.3480902,0.096357816700566
0.019641012,0.10205882,0.0523212246291665
0.023976617,0.29693726,0.0631149069134688
0.12116782,0.50315297,0.2184662589640879
0.022652496,0.5606,0.0661794286430817
0.13695446,0.63488626,0.191373492426723
0.015254575,0.26784706,0.0458885500413661
0.08718148,0.1608,0.1554143164173789
0.7534302,0.58201176,0.0830033752910608
0.53759795,0.42809018,0.1352155437895729
0.13294376,0.45714903,0.2087708154630471
0.030764587,0.45439607,0.0836488558711408
0.7194488,0.123835295,0.0958272428629054
0.052748896,0.22053333,0.131356329858908
0.016093368,0.08743137,0.047988549595573
0.0876705,0.5850745,0.1941861861058821
0.03352726,0.7620706,0.0900174818597413
0.93749565,0.69362354,0.0825312132416986
0.025945704,0.08893725,0.0745128597079134
0.031276647,0.45259216,0.0912696679525644
0.29474774,0.20993726,0.2635003369863703
0.014054108,0.0968549,0.0431130986001458
0.07060224,0.4014706,0.1442808508454452
0.102905884,0.5262745,0.2187959149607067
0.5383922,0.48011765,0.1109229031669523
0.89097804,0.20151764,0.0725042000638953
0.82467,0.22148627,0.1001109529624846
0.090339825,0.099905886,0.1518541218972248
0.5181982,0.45953333,0.0750265235610793
0.012485369,0.15471372,0.0409130198286522
0.12726966,0.62725097,0.2247416181214413
0.012690338,0.4275686,0.0387307292671189
0.12245184,0.1689451,0.2241817334477397
0.13704503,0.5099294,0.1952544877187191
0.041890632,0.36222744,0.1143807141633363
0.086428806,0.29599607,0.1788460830824034
0.57217515,0.31850588,0.2013271919397701
0.009394696,0.2086,0.0281962881985029
0.022837445,0.084803924,0.0633048255481785
0.8802254,0.29961568,0.0917955236798289
0.1241699,0.38518432,0.2356541763153661
0.65509367,0.045752943,0.0578665835969949
0.073061034,0.21589412,0.1604073672404483
0.55037194,0.3762157,0.1543298959301513
0.09898267,0.14798823,0.2094186708152694
0.8255281,0.35279608,0.0962110959598936
0.8317402,0.16807058,0.0794516709144319
0.13248199,0.7388,0.2106422410062466
0.12782183,0.27481568,0.1921590566554463
0.30351228,0.051117647,0.224742178340675
0.6415214,0.36824706,0.0636145333761761
0.6707118,0.10844313,0.0755633528803634
0.5419075,0.22371764,0.1185646613596975
0.6605124,0.2758706,0.0833392554967753
0.031061795,0.26815295,0.0842765902412997
0.13462235,0.10247059,0.259102757688205
0.50828445,0.5191098,0.0927088932050876
0.19373281,0.45686275,0.2558292076783207
0.41230968,0.30741176,0.8025558873969254
0.9246135,0.5264392,0.0713559577393081
0.041980322,0.7128039,0.114951697165698
0.11484005,0.009686274,0.2144963183839628
0.1673849,0.74729806,0.2975766983849486
0.013547322,0.41988626,0.0361060483611435
0.118933976,0.13026275,0.2231412880461796
0.16252622,0.77347845,0.2156152437539726
0.013574759,0.228,0.0363616025214606
0.82650393,0.18680784,0.0870566862036728
0.0599106,0.5548157,0.134872160739595
0.009636731,0.47074902,0.0297645676435674
0.009057867,0.3024745,0.0293407105174866
0.7374488,0.16087452,0.0899322089216865
0.012750145,0.09487451,0.0361190921411893
0.10089252,0.07150196,0.1782205614897442
0.07468057,0.6691059,0.1644315090197045
0.840131,0.1290706,0.0787246745732788
0.10159139,0.26897255,0.184818796610413
0.018347433,0.30790195,0.0524712163362742
0.10882075,0.13706666,0.1812626035360188
0.80057824,0.53665096,0.0935249954096029
0.062389087,0.61437255,0.1366879368319278
0.03544761,0.5735608,0.089736187749903
0.15985921,0.7395059,0.2599692841718293
0.313216,0.10332157,0.315284798545252
0.097687855,0.14668627,0.1583980346611897
0.30394825,0.09890196,0.209595379182881
0.82321244,0.7163451,0.1070920627465914
0.013500719,0.3015843,0.0499770496040702
0.6035906,0.6662706,0.0622702594458941
0.08943157,0.74014115,0.1830330168695035
0.6267615,0.65596473,0.058370880303066
0.107177354,0.23103137,0.1773031679921563
0.015162503,0.054490197,0.0407236193636423
0.042830076,0.7788549,0.117693025428024
0.011315459,0.2371804,0.0416307372555204
0.049604498,0.23426667,0.1225271632586608
0.13884944,0.40537256,0.2138973327340777
0.5380352,0.4579059,0.1039922020192354
0.11088861,0.060482353,0.1951372344358975
0.1318053,0.22867452,0.1856774393522676
0.10611908,0.014654902,0.1573549580359911
0.03217502,0.14987451,0.0794590421245662
0.008528489,0.2429098,0.0386181447930871
0.75368905,0.6584196,0.0830045391843523
0.12821001,0.1465804,0.1989375355599292
0.6214843,0.67007846,0.062566259190296
0.032743618,0.09028628,0.0869621307325238
0.56508166,0.10388628,0.1749592306320766
0.32102057,0.3807843,0.2473409103344163
0.1140371,0.052235294,0.2285926140478141
0.010681911,0.3181451,0.0370355171715652
0.11804907,0.009415686,0.2292981031317567
0.13816692,0.41604707,0.2068432505294613
0.61912435,0.6814353,0.0631509615245902
0.6350174,0.4004353,0.0662272627173719
0.87946546,0.28093332,0.0878009309573029
0.8330851,0.23684314,0.0998652017164407
0.23626477,0.5915804,0.3446621107277601
0.009777419,0.064733334,0.0307323261840457
0.11519116,0.3682196,0.220605662223442
0.01662282,0.38670197,0.050134999727899
0.61584926,0.69386274,0.0668986808072444
0.054688618,0.2993098,0.1249328316380787
0.83659285,0.16905883,0.0945738448896009
0.044951938,0.44378433,0.1214275122680798
0.5241457,0.41118824,0.099230312319051
0.037915654,0.080235295,0.1004720130212462
0.49830425,0.44113332,0.1561302634848018
0.015236453,0.2793098,0.0497803702685873
0.74920726,0.27623138,0.0978816457457221
0.066388555,0.2838902,0.1360824556609339
0.07624048,0.51549804,0.1719922174372339
0.35980132,0.15866275,0.2036200019414563
0.72495466,0.18176863,0.0930600409194146
0.116664335,0.15758431,0.1865329544131932
0.015139798,0.17147452,0.0428404665601836
0.10459069,0.8231843,0.1969624298762248
0.13350342,0.68054116,0.2457691659432883
0.6885937,0.0632549,0.0701720108771326
0.0916728,0.17287843,0.1853494005741082
0.8252503,0.20394902,0.0924555725219513
0.09249902,0.11293333,0.2047711581742748
0.021616649,0.09910196,0.0668967560243061
0.12761396,0.011886274,0.2353521714165346
0.00947861,0.3386157,0.0304456545718788
0.010367726,0.07995686,0.0349837316555373
0.023296194,0.6961961,0.0658261709001513
0.38462597,0.1826,0.1928488632733367
0.06959021,0.4913451,0.1434194261290287
0.20106329,0.34738824,0.2762740583681784
0.33747935,0.24197647,0.2432025816476175
0.032171562,0.070933335,0.090686023921466
0.14876473,0.31751764,0.2273869212887506
0.08226564,0.23585097,0.1555786735679035
0.12391547,0.6255804,0.2022793683055205
0.072355986,0.1641451,0.1567670850156076
0.029091714,0.3870196,0.0810790831304963
0.3919164,0.25386274,0.1695509072024674
0.13221392,0.27444315,0.2511310138990639
0.016416404,0.26625884,0.0490171184268145
0.012586334,0.38469803,0.0386641114798218
0.21021098,0.036035296,0.3165452278051403
0.11214628,0.062258825,0.1893337976495515
0.6636654,0.6598549,0.0841883784118997
0.01687543,0.5483804,0.054529727157328
0.04753747,0.80863136,0.1070705878125551
0.025150418,0.42385882,0.0655144609632039
0.021152344,0.37204313,0.0518426297095177
0.14862938,0.7203098,0.2195950836924661
0.0353532,0.04383137,0.0779121551121858
0.062056642,0.7558902,0.1333034809232642
0.11155952,0.1082549,0.227931094674
0.0759311,0.47459608,0.1601852639015728
0.11323443,0.62977254,0.2348527639007397
0.72661346,0.18017647,0.0777264599733935
0.008299687,0.0978902,0.0273972610774885
0.8155684,0.25674117,0.112722664994737
0.012118596,0.25813726,0.0424306815386865
0.64414656,0.22766274,0.0610712896055569
0.036326967,0.5218588,0.0887898081711292
0.40734276,0.36377254,0.3388706251657447
0.01828739,0.28660393,0.0557759771606874
0.04699551,0.21903922,0.1183627646390249
0.011663999,0.29711765,0.0360360634155495
0.111143485,0.48140785,0.2248171369984925
0.0172104,0.27187058,0.0475028213618753
0.6489566,0.24055295,0.0854982376150517
0.40692416,0.38150197,0.3305443014287845
0.056404285,0.23035686,0.115852041946062
0.6915232,0.07924706,0.078689644431088
0.09005963,0.07989804,0.1725799825529061
0.22765513,0.24871373,0.3819650204062355
0.06364767,0.34337646,0.1499467960905944
0.1017405,0.1593647,0.204464036810557
0.3476666,0.20237647,0.1815874888264549
0.11667459,0.21009804,0.1997288388349283
0.011107304,0.2702353,0.0396065886510687
0.14271024,0.59536076,0.261983192957343
0.6232997,0.38704705,0.0656543077178188
0.22735573,0.035011765,0.33712849194975
0.11187733,0.751051,0.1969238352864774
0.62594664,0.5688431,0.0668780787549125
0.00895082,0.2846353,0.0328694272769973
0.16989791,0.7834588,0.2289320155258941
0.069672436,0.36019608,0.1604161555568234
0.66278666,0.051443137,0.0772156477470338
0.6353834,0.31195295,0.0606318114861776
0.014721871,0.43371373,0.0450580873417386
0.0037483613,0.2688902,0.0144049878174617
0.010584946,0.30175686,0.0397273960352171
0.15967958,0.61603135,0.2263392573981896
0.7871691,0.74500394,0.1221197463633065
0.55767393,0.2168,0.1536219209235705
0.39940196,0.07430196,0.2573661905981126
0.048836622,0.24891765,0.1349733519463665
0.07331529,0.37489805,0.1732289083349322
0.6662898,0.3322941,0.0821183542553958
0.010428864,0.25083137,0.0420899213020434
0.09644168,0.8239804,0.2073787849458002
0.01998938,0.41707844,0.063187568554595
0.05167456,0.33999607,0.1211994268827348
0.027907746,0.45091766,0.0671537870037541
0.82413656,0.29756862,0.1035057463949049
0.72426474,0.11207451,0.0834897286422207
0.76386666,0.8470549,0.0938467529094602
0.60520273,0.73978823,0.0567066840569538
0.86788887,0.5095569,0.1077884414238294
0.09851341,0.19641176,0.1784472041719091
0.6437233,0.31927451,0.0774164393085803
0.075239494,0.17832549,0.1689118697225678
0.52282274,0.22742745,0.0864041807680622
0.05744726,0.12571764,0.1441672478292951
0.0965848,0.38351765,0.1697621306897824
0.6527865,0.31765097,0.0691887891976741
0.005810014,0.2149098,0.0189538250165561
0.018433148,0.11423137,0.0558482644462968
0.55681497,0.015219607,0.1402313237612429
0.031297483,0.14014117,0.0850329899525106
0.8169717,0.26689413,0.0961480809070811
0.02652686,0.020364705,0.0737467100552228
0.11720909,0.7519294,0.1957680032815072
0.054775853,0.34703138,0.1237967114770557
0.04164645,0.3759608,0.0963743229477922
0.33405957,0.24185099,0.2372707786718814
0.12703305,0.47850198,0.192343768554873
0.013466636,0.2669137,0.0415387216350574
0.18306248,0.47933725,0.2360137106849968
0.88209206,0.21489803,0.0869794226939668
0.06954192,0.082313724,0.1550974473966196
0.17743786,0.7062941,0.2252895878201758
0.18740158,0.6187255,0.2280893189922038
0.08413615,0.033529412,0.1730268526499481
0.39127225,0.36529413,0.2630147734917554
0.03279495,0.25250587,0.0917413198348757
0.63690597,0.2857843,0.0581669821733956
0.57103753,0.10224314,0.1705067848332551
0.08085952,0.2593059,0.1747974805145833
0.18142311,0.021764705,0.2271965497762145
0.119053215,0.17671372,0.1995246955971595
0.012616114,0.5079804,0.0363339504736015
0.57124335,0.08439608,0.1922727196479459
0.13244909,0.56629413,0.2034634983760374
0.16461247,0.43286276,0.2433340032178145
0.109820716,0.2410353,0.2205702345586628
0.10895294,0.05756863,0.1734877646373539
0.07491976,0.3523843,0.1517413277651177
0.28845635,0.3257098,0.2511197450068426
0.53925645,0.20207451,0.1325874158353659
0.52856517,0.2575843,0.0902951434274055
0.6272638,0.05340392,0.0512788733972551
0.5333628,0.4045098,0.1022598520208723
0.009217113,0.29939607,0.0302331529418579
0.115220875,0.17753725,0.2063184951736208
0.1859161,0.26232156,0.2286677711685624
0.15424447,0.20461568,0.2210057075079607
0.7438955,0.71737254,0.0969879582693225
0.06047734,0.30824706,0.1307392424113319
0.53365356,0.21782745,0.398811136244213
0.40268996,0.1348902,0.3056680648328298
0.06987343,0.29073334,0.1489677494526448
0.045536354,0.2659294,0.1128794251353624
0.3232981,0.10996079,0.2375064287053617
0.024904337,0.46811372,0.068322307197008
0.024947323,0.4941412,0.0770182856090359
0.6334933,0.47264314,0.0638703274537866
0.060256753,0.7127216,0.1500429752393256
0.5751824,0.021964706,0.1490570734993614
0.76706856,0.6248314,0.0883318613511896
0.13564,0.12861176,0.2466282654258498
0.24288374,0.42954117,0.2667026155884722
0.5275104,0.5558431,0.0742403050571354
0.060468644,0.2075451,0.1303618722629869
0.021761224,0.4330941,0.0637871378841703
0.62509036,0.4938,0.0813488496289152
0.07043593,0.4254392,0.1484721152778316
0.1049399,0.36722746,0.2126184479460828
0.20897001,0.04803137,0.2206193522800325
0.1357489,0.6473412,0.2265459524264305
0.65993726,0.31908628,0.0701041513339488
0.025173912,0.018854901,0.0660494598739663
0.5625135,0.6411412,0.1660885175283506
0.5886852,0.33302352,0.2164631008598066
0.13735324,0.4316039,0.2155970039131272
0.083325155,0.29327843,0.1694915581986073
0.13444611,0.25608236,0.2613676653505453
0.5732116,0.10922353,0.1822700792724196
0.017610239,0.05875686,0.0456322668464771
0.0067303227,0.2772706,0.0269994595281589
0.30345532,0.08487451,0.246597365943522
0.55654067,0.26963922,0.1644481466906238
0.1624288,0.23962353,0.2029997973377572
0.020188134,0.28326666,0.0554739917952125
0.08683453,0.5772196,0.1665716280554184
0.4038891,0.3143647,0.3551308671424342
0.025778301,0.4849843,0.062421819554064
0.08137893,0.3806353,0.1670746916874089
0.1582636,0.23948628,0.2226900580150317
0.6013345,0.6064902,0.0474923804929869
0.032454148,0.7453804,0.091868277411504
0.4050387,0.28520393,0.2449775684366333
0.42628613,0.32847452,0.3492906758291392
0.007927093,0.29693726,0.0286467553864119
0.03152763,0.34108236,0.0922093613285243
0.8749507,0.68642354,0.0959578954458106
0.10444975,0.27982745,0.215864585867104
0.010217308,0.11699608,0.0372859943729564
0.13909307,0.50767845,0.211548047190679
0.025494695,0.22493726,0.0598159665640666
0.12846,0.49041176,0.2124337667131462
0.6392219,0.3576902,0.0672668191142842
0.016737632,0.47857255,0.0535649742913984
0.67972255,0.57972157,0.0792792876065122
0.014675273,0.3990157,0.0431268332117528
0.08749692,0.65346664,0.186099374772975
0.58366084,0.035858825,0.1666401843074865
0.04979665,0.26097646,0.1142086770100517
0.025567574,0.07050196,0.0821980301505305
0.5583392,0.011964706,0.1247220084591058
0.8181164,0.32404312,0.1142614184114494
0.6160832,0.6567765,0.0712487947432962
0.02426892,0.13467059,0.0759716403785335
0.10721704,0.64509803,0.2192111223751271
0.0062647816,0.2515451,0.0200410444523799
0.015289656,0.35089412,0.049858845923407
0.022648906,0.3462745,0.0641350566244443
0.18484686,0.69647056,0.2569602664645052
0.7690795,0.6015804,0.0900409473640555
0.7294204,0.14697647,0.0912872773917115
0.016485147,0.79971766,0.0534433767807833
0.029796075,0.10052549,0.0712166982266985
0.16047074,0.24855295,0.18641506566504
0.0305628,0.042611763,0.0779958437093936
0.2274982,0.5580588,0.2960129098928172
0.08957393,0.18228628,0.1850964282834407
0.33630088,0.1796902,0.2311139726538751
0.6229069,0.71631765,0.064984983494799
0.63384825,0.46960783,0.06062293394715
0.06613155,0.658549,0.1543482473389267
0.6167223,0.5598588,0.0513821746322378
0.009825565,0.14101961,0.0286601477783575
0.64928555,0.26088628,0.0644641412468387
0.51423776,0.34374118,0.0808192804471039
0.08998275,0.5169961,0.1823268691361058
0.121232554,0.40517646,0.1955220781981874
0.17256194,0.73046273,0.2689035097096628
0.11412971,0.6803216,0.2314111071979109
0.016399743,0.7066745,0.0563371256033526
0.16103977,0.38460785,0.2345711547365904
0.16208303,0.18091373,0.2876735967285238
0.6344054,0.05922745,0.0623892333027977
0.12800458,0.1263451,0.2048837137463805
0.16604225,0.006917647,0.214337749925443
0.025501288,0.7673059,0.0851013034324222
0.80385345,0.26955685,0.0907873840766688
0.026020098,0.36699608,0.0788563098054404
0.016466383,0.17008235,0.0463294040542389
0.021576516,0.32886666,0.0634005951728014
0.82706946,0.19292548,0.0993490441719802
0.121797964,0.15988627,0.1959384072818277
0.012327543,0.29556078,0.0337439757464797
0.52888167,0.3547647,0.0856651183575201
0.32531425,0.15909019,0.2190886007183766
0.013586639,0.4330941,0.0453109280812789
0.11465625,0.25422746,0.240073524731796
0.083431356,0.35785097,0.1679773722488178
0.395662,0.12689804,0.1730643194651616
0.008459771,0.09141961,0.0257413946648211
0.012078533,0.30728626,0.0365294532021679
0.035931677,0.82580787,0.1006146927396721
0.1487905,0.5494392,0.2182888946325576
0.8359854,0.14361961,0.1001303754102691
0.007562892,0.29294118,0.0300116977524996
0.06286076,0.6798314,0.1405549259214024
0.6672741,0.19103137,0.0821774332506595
0.031007392,0.43887842,0.078314186620472
0.031312443,0.22379215,0.0922575647793168
0.11799155,0.010729412,0.1923433217433118
0.13710885,0.40741962,0.190672921686098
0.01943533,0.27570197,0.0601411987012898
0.66476595,0.18862745,0.0724034510581661
0.03566459,0.84235686,0.0907186602103797
0.09875369,0.18180785,0.1866275195978484
0.63541436,0.40041175,0.0707599595608527
0.04397883,0.19189411,0.1103509547898705
0.07213596,0.23421961,0.1482648904119916
0.029940477,0.44828627,0.0848901819588142
0.13147467,0.65387845,0.2309389441219063
0.6330107,0.36378038,0.0761553751906041
0.08099941,0.3738549,0.1513896414209989
0.037467446,0.0742549,0.0961610992158246
0.025755625,0.14391765,0.0712500129199426
0.019841649,0.21008235,0.058343280098567
0.09966003,0.25681567,0.1996002832685565
0.875157,0.683851,0.0834430452121397
0.22809854,0.029239215,0.2733667090095243
0.09898868,0.8205765,0.2249234568466252
0.552423,0.01210196,0.1305964823586591
0.06943085,0.3753843,0.1611277278376041
0.089782335,0.13050589,0.1879120432828658
0.029118225,0.39250982,0.0740447551421589
0.88940984,0.22873725,0.0771803475268317
0.04422526,0.24901961,0.1159888662813038
0.5386872,0.3126392,0.1093994800744673
0.53106725,0.07762745,0.5548450803703293
0.03627587,0.73158824,0.0965989109362872
0.051097423,0.40564707,0.1362368546479058
0.015465601,0.27104706,0.0516777269633217
0.7553968,0.56719214,0.0916047920459286
0.6662686,0.045384314,0.0726458546575647
0.07028992,0.5988353,0.1585206273636588
0.62465876,0.54465884,0.0656845746487579
0.017667692,0.23787059,0.060556180567764
0.09827641,0.056494117,0.1730876895653978
0.08831335,0.33068237,0.1862325008169064
0.81630015,0.2941098,0.1012137217152215
0.038880546,0.18421176,0.1080770411372158
0.31085476,0.053223528,0.303213803873072
0.018269658,0.7608549,0.0519014323033015
0.027298586,0.027462745,0.0802091795189587
0.07500878,0.26372942,0.1602918863877168
0.16356793,0.23135294,0.2330661444610651
0.042232107,0.5146941,0.0960741710630128
0.030531593,0.27535295,0.0929187742704328
0.027944777,0.5580784,0.0742537172898462
0.1476229,0.24243921,0.2406340401028439
0.33405548,0.5332,0.2035868470590896
0.8413764,0.12803529,0.1021060140104839
0.12087267,0.010341177,0.2474170616470956
0.32730582,0.1345255,0.2182333514339556
0.054217905,0.54369414,0.1235702777972222
0.012708106,0.2775451,0.0421124769724302
0.3195918,0.17939608,0.2365167769630172
0.10927663,0.20242353,0.2236126155986191
0.05475993,0.6113647,0.1223203451724801
0.03232956,0.29114902,0.0766214737525494
0.6590685,0.41215685,0.0843830623863455
0.85859627,0.65247846,0.1125000821445691
0.032543834,0.43036863,0.0813623410694162
0.06931997,0.119478434,0.1505331989550556
0.067367636,0.28985098,0.1503796190801019
0.006534116,0.32977256,0.0208754246960714
0.13223904,0.48669413,0.2704384466832275
0.5580922,0.5554941,0.1475405748104376
0.84206176,0.13358432,0.0846412317351046
0.14883004,0.5009843,0.2111267237466983
0.115138255,0.15196079,0.1673715696872686
0.095645905,0.21063529,0.1835779214716156
0.952234,0.49699607,0.0709900111147514
0.0581135,0.4216196,0.1365469156495142
0.78325725,0.39531764,0.0897242828083699
0.13985431,0.019439215,0.2556690803439094
0.024174636,0.5400431,0.0581845508992579
0.57238215,0.028109804,0.1405657452987194
0.6299127,0.054368626,0.0749604675660686
0.012051336,0.25638038,0.0438623502124057
0.053433318,0.009741177,0.126898578807228
0.82052124,0.5200706,0.0952063239800533
0.027873158,0.14867058,0.0718648193479527
0.57236665,0.020192157,0.1729295476499515
0.344764,0.1388549,0.1990525944509398
0.016646255,0.40754902,0.0529930003221577
0.654778,0.5425255,0.0692933456116968
0.57573885,0.03034902,0.2022036494519521
0.0473078,0.2845451,0.123364644813441
0.09501429,0.17041568,0.1913234050016195
0.53982663,0.4337804,0.0999599815272462
0.017466675,0.19181569,0.0568919370855501
0.7479008,0.46455687,0.0994863465053434
0.12198069,0.47631764,0.2208905889914874
0.691069,0.06105098,0.0883526573857369
0.018329458,0.27179214,0.0542465021614034
0.02356753,0.18417256,0.0613180331333276
0.57677734,0.31412548,0.1831844173452594
0.15247536,0.49673334,0.2313210573690996
0.11937966,0.6346039,0.2359582762639626
0.53978693,0.20429412,0.1101400450353247
0.032185677,0.5119412,0.0925934532665945
0.63222426,0.48788628,0.061771805027718
0.12127631,0.3995255,0.2464375617071916
0.89696664,0.31310982,0.0930057739673435
0.17261805,0.3457098,0.2345107358843617
0.12363887,0.3700902,0.2023685320348572
0.634945,0.41160393,0.0574950049583142
0.14284426,0.37227452,0.1962398859359314
0.13263063,0.6867647,0.218411013196824
0.017911684,0.052039217,0.0492265745414111
0.019269565,0.7653922,0.0536908602966285
0.096624106,0.12981568,0.1923518806669965
0.06317687,0.008603921,0.138595439533602
0.16519777,0.19882353,0.2224995474944544
0.08817182,0.5482274,0.1762519693256885
0.10814129,0.74281174,0.220986017190035
0.018743992,0.42084312,0.0591177208449375
0.07281485,0.5898745,0.1488202965901769
0.33881485,0.19588627,0.250693979162385
0.8283159,0.13784313,0.0959535793463031
0.10641401,0.16840784,0.1961352327391375
0.04542947,0.42223528,0.1138783798912
0.1755279,0.7479569,0.2845958792613687
0.66610634,0.31634116,0.08207881041028
0.27417845,0.7284353,0.3569069219571529
0.16068348,0.27106667,0.2398248742945401
0.22772188,0.28791374,0.2828022951697998
0.56958354,0.68425095,0.1632250345280075
0.14004274,0.7411647,0.2878871898401576
0.83731073,0.16807058,0.0960656913631452
0.11029951,0.59211767,0.2373308219928427
0.45263684,0.44280392,0.2467436534050254
0.012509633,0.37199607,0.0390342970061369
0.05468955,0.09501961,0.1245401226526048
0.06312882,0.12979607,0.132001282428414
0.079354614,0.18931372,0.1735535273600804
0.01642014,0.27766666,0.0524290044337005
0.5906043,0.04532941,0.2127606041726817
0.4078131,0.27158824,0.236456410991631
0.09141241,0.20028235,0.2032934540147001
0.02304206,0.21188627,0.0577815447031235
0.05348376,0.39487058,0.1262005171152251
0.83515,0.1425098,0.1079017097290582
0.01655265,0.16927451,0.0490582124296422
0.6470779,0.22316863,0.072555903963279
0.18311891,0.34738824,0.2366084863770602
0.62007004,0.61219215,0.0683627615768838
0.15995522,0.061070587,0.2187179628102668
0.08667912,0.5316353,0.1654675269000969
0.9007287,0.6550118,0.0788826118441534
0.0970333,0.16497648,0.2066814429538649
0.006644257,0.35622746,0.025803882777745
0.06187294,0.21023922,0.1110189707529696
0.0489902,0.22244313,0.1209348865956519
0.085260324,0.27122352,0.1827736805569662
0.023046829,0.10597647,0.0568919230576241
0.021376638,0.29913333,0.0635364762028
0.011893649,0.3234745,0.0379253671582575
0.024521494,0.27357647,0.0677081448871686
0.3912859,0.17613725,0.1673061623407223
0.16585352,0.29066274,0.2505508936262099
0.66604024,0.5274078,0.0775616834922527
0.33250695,0.17550196,0.2259219711837622
0.7763771,0.38505882,0.0906401869537754
0.27045497,0.09420392,0.3105838484488338
0.5763438,0.16325098,0.1868735856869678
0.07070301,0.31002352,0.1614300585210154
0.031901076,0.09327451,0.0901348260758152
0.14241943,0.7435255,0.2646171669692878
0.5879979,0.1630157,0.1808763054536695
0.39307308,0.22868235,0.1643891649365892
0.047054976,0.5795765,0.1097252173590667
0.056084145,0.74865097,0.1291295345008214
0.04013711,0.24983138,0.0927022412312214
0.10521903,0.29733333,0.2089115511756996
0.627558,0.05672549,0.0608625133937088
0.37399453,0.76398826,0.2314637806881205
0.8336268,0.49939215,0.0895882277634443
0.9429287,0.5264392,0.0695794884815612
0.011684149,0.06305882,0.0363450924800829
0.032894675,0.26486668,0.0857403641751121
0.1247172,0.3181451,0.2377202031872148
0.13039947,0.5798706,0.229362741870953
0.08317032,0.46158823,0.1758986722559286
0.051151395,0.243,0.1289822554717119
0.009969104,0.18281177,0.0394925318845874
0.028374715,0.58500785,0.0812000643199288
0.64091134,0.2975451,0.0679279846735447
0.13466811,0.5072196,0.2277712685937501
0.014559889,0.5079882,0.0444636096228971
0.6465938,0.2301451,0.0636774806050266
0.51569974,0.73914903,0.1320265798787043
0.038092982,0.028266666,0.1143821539315797
0.038280323,0.3732353,0.0987049043458709
0.046526466,0.40309805,0.0959212259399788
0.5934349,0.3333451,0.2668865623340467
0.0119711235,0.33966666,0.0338482462712942
0.8180842,0.39768234,0.0853626917461485
0.33298075,0.19906275,0.2506188432695463
0.021084761,0.3417451,0.063439930323666
0.55108255,0.3779961,0.1107667103462333
0.6715242,0.33175296,0.0954853377977993
0.027971882,0.248,0.0821131211552896
0.19302838,0.25540394,0.1919944612054224
0.09404581,0.20788628,0.1929509498182942
0.026194638,0.15750197,0.0639629143043201
0.66521204,0.29102746,0.1016423789528762
0.05940969,0.24931765,0.1293554781963102
0.13974203,0.48050982,0.2364242411474864
0.107309,0.0058862744,0.1843820234155584
0.792588,0.3655137,0.0931493412027433
0.83543426,0.15066667,0.1020894796194069
0.0212183,0.008219608,0.056773361264417
0.61989725,0.5354314,0.0594686085431177
0.01993549,0.28069803,0.0564038291310683
0.12498606,0.15738039,0.1744878381320673
0.029873846,0.08707059,0.0809394304681757
0.6715119,0.34357256,0.0776397213963782
0.045591306,0.3035843,0.1359859614714451
0.09516412,0.67863923,0.2048587909311113
0.13213953,0.41533726,0.2038790331280132
0.0068221944,0.34857646,0.0250814730376767
0.019414935,0.09830981,0.0562806370568475
0.11424173,0.19193725,0.2375621826142303
0.11506,0.32599607,0.1368445995608805
0.5313602,0.3225294,0.0838596027577385
0.32499382,0.2015451,0.2213516174355831
0.40059483,0.23160784,0.2819976927511441
0.09708056,0.007392157,0.1928149760273824
0.35066682,0.13857648,0.1834426701428329
0.6648274,0.119709805,0.0875096620264708
0.71768516,0.18112549,0.0887841537074944
0.13160996,0.1324902,0.1880280851886417
0.9021523,0.27671373,0.0976211123838823
0.32136315,0.19994903,0.1985826473864252
0.035144135,0.3715451,0.0811070544876573
0.34072095,0.15593725,0.2404874724402298
0.32112247,0.18384314,0.2081871565343194
0.1153433,0.40491766,0.2214187500443392
0.008710553,0.06720784,0.0334207763200893
0.43642575,0.011172549,0.2994431844328081
0.6229671,0.0787098,0.0531998735695689
0.028056331,0.54017645,0.0811328330985155
0.47381756,0.3446745,0.1656616031571634
0.6144382,0.75322354,0.0682466689264127
0.062181834,0.21140392,0.1371289676907391
0.014179422,0.17145883,0.0397691293389903
0.07805729,0.03967451,0.1672972404245239
0.15155607,0.41454902,0.2307137908116123
0.57466245,0.25178823,0.146409145371573
0.10757692,0.44527844,0.1672374070691397
0.6374966,0.4187647,0.076430653070129
0.10143743,0.064560786,0.2028359267153771
0.10161216,0.23962745,0.2080870422811929
0.027959438,0.6779569,0.0768560551771846
0.12486147,0.42182747,0.2216922285072705
0.20388727,0.50757647,0.2748351845240192
0.16959828,0.10247059,0.2172466917721898
0.1649157,0.26238823,0.2364689818784877
0.04314881,0.10994118,0.1068612691131531
0.019074073,0.27661568,0.0554000187475236
0.057117358,0.26401177,0.1274777873251635
0.046167836,0.28982744,0.1054575805197073
0.6499193,0.25293332,0.0749694649176409
0.39742634,0.39784312,0.1773416343798526
0.019451369,0.49361962,0.0556345534891267
0.07154694,0.31229413,0.1415179605464768
0.01694936,0.35529804,0.0599748956027496
0.07559309,0.20153333,0.1540539448439488
0.08376987,0.52120394,0.1440294982614893
0.1180531,0.022133334,0.1656372656476483
0.01024794,0.09904314,0.0395713437529562
0.19794492,0.7853216,0.2340969883786309
0.110688895,0.14268628,0.1653113414365705
0.0596378,0.41293332,0.1479183864276146
0.63499236,0.27440393,0.0663572707391078
0.08403996,0.2572745,0.1856933285110271
0.016880693,0.27086666,0.0520607090796656
0.0038659119,0.29046273,0.0165907640986492
0.62587994,0.61219215,0.06384537221233
0.6520656,0.23425883,0.0728562283700091
0.06285249,0.82271373,0.1371192935138394
0.080403164,0.8057333,0.1446837892535132
0.13209799,0.77097255,0.2503097941077516
0.1429602,0.24419607,0.2562960363975297
0.1481973,0.1258549,0.1862644504523108
0.12170587,0.59515685,0.1842362139093992
0.6263472,0.54193723,0.065313389679867
0.14444104,0.7283726,0.2534064663142501
0.8490034,0.6222196,0.1070761358065564
0.08353355,0.025215685,0.173862946160636
0.72047377,0.115054905,0.0966435143193402
0.0123170735,0.3734353,0.0384430664153978
0.22535038,0.47502354,0.2500851280617156
0.008064889,0.22528236,0.0271711843427071
0.018601138,0.05447451,0.0459122067370527
0.023626737,0.15249804,0.0632805183762723
0.6384803,0.41023138,0.0582877246916735
0.06803806,0.2855843,0.1485904099747896
0.2519976,0.81626666,0.3672084043930593
0.01616568,0.30963922,0.0468987364979911
0.32376504,0.23676863,0.2044260752771649
0.40869713,0.11405098,0.2854112426765977
0.15210113,0.7245059,0.2524526427807004
0.020604765,0.31733724,0.0608001217051079
0.64297783,0.29390588,0.0758020422908758
0.046651736,0.24629019,0.1219878563891165
0.076615304,0.019360784,0.1564845982473661
0.553194,0.6680902,0.1472043656001465
0.008358626,0.35853332,0.0325286824405863
0.14455476,0.47913334,0.2718892336409264
0.014596658,0.11938824,0.0402392742817888
0.039941654,0.36237648,0.0919279011370202
0.031236446,0.8305765,0.0890767139566743
0.76640475,0.87863135,0.0824386188927821
0.6470933,0.3249451,0.0583326886280979
0.14121252,0.33847058,0.2259008161068396
0.025023859,0.7363647,0.0653741153442524
0.15323044,0.27401176,0.2080176500370884
0.34578073,0.17918432,0.2264508054668815
0.13793814,0.43534508,0.1931954608946635
0.100975,0.3426353,0.1666846316638351
0.542135,0.33647057,0.1256221899735541
0.0070804185,0.29016078,0.0230198311568434
0.15315652,0.2697647,0.2302307378681566
0.10447544,0.26375294,0.1988594626864576
0.16996934,0.34394118,0.187717193704314
0.6376586,0.33355686,0.0590265516013475
0.022661678,0.02872549,0.0599088975552924
0.8907977,0.22625098,0.0974956151300485
0.08876746,0.54929805,0.1940387560494694
0.53005576,0.309949,0.105506865514928
0.011724943,0.15111372,0.0334927796350673
0.0080272155,0.43502352,0.0283518195153742
0.1206074,0.5554549,0.2153748094882833
0.20019266,0.017592156,0.2757813252250884
0.4152454,0.29802746,0.245571075811143
0.055004716,0.47974902,0.1248546978684294
0.07490058,0.37138432,0.1482193892795061
0.02525171,0.37204313,0.07254853079351
0.32673386,0.09504314,0.2732368587093629
0.802382,0.6889412,0.0832026917547397
0.53799033,0.43311372,0.1191395678854255
0.11203513,0.74056864,0.191372012983998
0.6385803,0.5317412,0.0580782467206348
0.030762305,0.5025608,0.0886001403159518
0.026666358,0.08192157,0.0685727944726883
0.009223577,0.3264157,0.0326203431254509
0.069752395,0.071309805,0.1659464659537397
0.21729389,0.8738157,0.3483020919435622
0.01399137,0.44039607,0.0397441486651331
0.106860615,0.7688902,0.2196830661514195
0.011573695,0.48365492,0.0331728836041826
0.14823408,0.5748627,0.2449897875724019
0.84160584,0.15070981,0.0940876709154243
0.03125068,0.2478549,0.077108812247395
0.0056702686,0.28357646,0.0201025188389647
0.03449761,0.5481137,0.0993004655649761
0.13208885,0.5976706,0.1988909082912248
0.013449978,0.36522353,0.0379623367776709
0.08625528,0.6765843,0.1613398519096997
0.33246425,0.18579608,0.2728122435492284
0.15135099,0.3442902,0.24376049974676
0.024824426,0.2596196,0.0710370039298002
0.6390867,0.41314903,0.0627440353325385
0.33259284,0.24850981,0.2842127053830636
0.14255482,0.20306666,0.1988100651860734
0.3464529,0.54464704,0.2215172653985897
0.4123944,0.29698038,0.2830184086708487
0.011425784,0.06876863,0.0316531647983869
0.63201594,0.35244706,0.0713546234524364
0.55257845,0.006047059,0.1266863916001976
0.7410582,0.16241568,0.1212972104223906
0.39450946,0.3057098,0.1723745221480659
0.37490994,0.7814902,0.2583122807196512
0.008962574,0.29653725,0.0299934356742596
0.11663988,0.1722,0.2174056673256877
0.02026365,0.24215686,0.056141610561225
0.21307491,0.3229294,0.281997612771185
0.6413702,0.46874118,0.0711768330467956
0.21147457,0.46756864,0.3172814508089673
0.013434858,0.27567452,0.0486855278953911
0.09133896,0.4117647,0.1519910646761794
0.21234685,0.81094116,0.3967543107962366
0.63916224,0.5304902,0.0538045275452381
0.11683375,0.16247843,0.2384259404598329
0.41518033,0.42756078,0.2794234438978487
0.58685136,0.03197255,0.1870976557656011
0.1752755,0.21766667,0.2135121017351014
0.078411415,0.1645647,0.1463686411824473
0.033322237,0.22875686,0.0896753721081725
0.33322793,0.23676863,0.2351644194061016
0.02836924,0.10886667,0.070333230766352
0.05612142,0.8278588,0.1360670594494675
0.08900152,0.40732157,0.1843930081691052
0.7183617,0.13725883,0.0880924930029238
0.84676343,0.75997645,0.099955818492031
0.029460259,0.09427843,0.0768682663682441
0.8370683,0.15047844,0.0875250202998842
0.5345662,0.5309216,0.0969352391246241
0.826007,0.5506745,0.1110186689090944
0.07776561,0.20890196,0.1437177230831849
0.07299171,0.29395294,0.1639707056312665
0.01873843,0.2716549,0.0621493505034858
0.096708335,0.31005883,0.1830772244360628
0.1678671,0.74089414,0.2760422974571492
0.39848045,0.26937646,0.140912536673561
0.14826323,0.3927255,0.2561965562857006
0.33808625,0.6408745,0.3903913679009071
0.009881423,0.26483136,0.0326526032939518
0.8276602,0.6236392,0.0983746980294102
0.50643075,0.3643294,0.0728970477041033
0.08642579,0.010403922,0.1695695549068775
0.07907616,0.21187451,0.1570104762514021
0.10049737,0.08722353,0.188260178971854
0.18342456,0.7908588,0.2449722229134714
0.10717133,0.35309413,0.2132571609873898
0.009205215,0.36849412,0.0360084128936552
0.024484651,0.2611608,0.0767617575696846
0.118535206,0.709149,0.1969360382066728
0.019520197,0.38801962,0.0562979303002085
0.12083855,0.16518432,0.1793479464919805
0.14931382,0.5232941,0.2436154845722652
0.18884367,0.017654901,0.2575810664477258
0.059242398,0.674702,0.1492516536769901
0.059145555,0.21725883,0.1402476519906234
0.36881378,0.6229765,0.2115120778534596
0.15168114,0.01657255,0.2297092690595779
0.009003932,0.31159607,0.0297095421628101
0.76175773,0.6663961,0.1054580148323067
0.03668554,0.2789451,0.0884528445074278
0.031937286,0.2612,0.0918350169402655
0.83817893,0.15047844,0.0999936882688226
0.7548196,0.5633686,0.0943672699519422
0.45883292,0.34394118,0.2017152074556584
0.017414344,0.42446667,0.0509895817470829
0.0111178,0.4294549,0.0350152830192953
0.20874614,0.7194471,0.3136101861534339
0.10181295,0.13893333,0.1931127709683922
0.17268671,0.31673333,0.210298096812615
0.04747472,0.2849804,0.1215654251483993
0.036083132,0.0074235294,0.0919649802024967
0.34737763,0.7661961,0.2409422077108896
0.88722837,0.23629804,0.07832315476315
0.10303125,0.060482353,0.1794510904586119
0.13681437,0.64295685,0.2492493811939759
0.398925,0.22125098,0.1860601039540188
0.013122158,0.3046745,0.0413403266891837
0.019614471,0.2922196,0.0592751283097429
0.042901598,0.62046665,0.1114202353176217
0.024327803,0.22008236,0.0693123491411026
0.062822424,0.19804706,0.1356145805661884
0.12827481,0.21904705,0.1842776482348471
0.072960794,0.23461568,0.1527878645548267
0.3998495,0.30032158,0.1735264836043915
0.63952523,0.061019607,0.0817472149293789
0.10451459,0.07494902,0.1902047922487885
0.17632847,0.5063372,0.2228953133171307
0.77659136,0.3546588,0.0918901741167248
0.013881312,0.4747451,0.0395870339608726
0.0792051,0.30063137,0.1493144350538527
0.7828716,0.3811098,0.0889437725438531
0.6758737,0.624,0.0760177847463952
0.018202486,0.5690274,0.0496376875046836
0.66481507,0.20960784,0.0839087416378907
0.15788895,0.22879216,0.1902612593009865
0.6023286,0.5267137,0.0628597999248514
0.060547743,0.5790157,0.1514751021085031
0.32154122,0.11187451,0.2379591660845593
0.55082655,0.49862745,0.1283137146892535
0.03414067,0.18791765,0.0871763136635243
0.77952105,0.36413333,0.1125905469050283
0.8431167,0.13863137,0.0911331622609332
0.8547233,0.7278196,0.101392088523766
0.5378643,0.44055295,0.106159110387227
0.03950882,0.26168627,0.0981739318862056
0.08786541,0.29709804,0.1807343093148107
0.10516422,0.019541176,0.2105379947633318
0.11480185,0.63765097,0.2223018383431678
0.8359141,0.26409805,0.1041130748808185
0.07315702,0.67553335,0.1496368265664796
0.043765694,0.4050353,0.1017558970229159
0.7181301,0.1153451,0.1192339471166243
0.65841365,0.1605294,0.0722612278622283
0.023655118,0.3724353,0.0689049411295981
0.029513484,0.22740392,0.0700194119744833
0.008647175,0.39152548,0.0246868660719953
0.010375805,0.35316864,0.033041661879816
0.058711324,0.07368235,0.126258905751526
0.1913897,0.4406,0.2391521746661921
0.017902536,0.0035529411,0.0523236823594414
0.3572582,0.61715686,0.2430866660081609
0.024999429,0.10991765,0.0630552970550998
0.61466914,0.051839218,0.0672551316858149
0.019266672,0.49887842,0.066135789873349
0.21710613,0.6525804,0.2977065654779398
0.02031005,0.38119608,0.0698483282957434
0.017771233,0.394549,0.0606110191075862
0.017928554,0.48525882,0.0646738852125872
0.012278397,0.08278432,0.03636852729205
0.6689222,0.24050196,0.0614167947523636
0.06538593,0.16490981,0.1485417069696626
0.077601425,0.36697254,0.172919422596423
0.02300359,0.33282745,0.0617769192656552
0.12561975,0.32820785,0.2227527208542125
0.21434566,0.5553451,0.2690011012015744
0.11257384,0.31668627,0.1999379466456
0.07487858,0.0674,0.1664947835279314
0.8986505,0.23876078,0.0857075321112605
0.027212953,0.07046667,0.0762306983091569
0.60916823,0.061807845,0.0537944347646857
0.013099007,0.28166667,0.0423005339633902
0.025719501,0.3389647,0.0850102682217253
0.0064625056,0.24041569,0.023483894793023
0.05016067,0.6034902,0.1161773164763015
0.12359851,0.18622746,0.1682900454617494
0.0806524,0.23154902,0.1714911067301753
0.03310232,0.7801333,0.0891314720450997
0.0934341,0.1448549,0.1846731161831492
0.06974235,0.40451372,0.1482343227869044
0.022267327,0.08734902,0.0690627557177508
0.06144218,0.6111412,0.1478278882420217
0.015805768,0.27656862,0.0529419816910119
0.069193915,0.6091451,0.1471439152922366
0.012742379,0.3652392,0.0471705204426616
0.06504428,0.18991765,0.137561180786158
0.84396714,0.14069805,0.090311307643933
0.013968445,0.36615688,0.0443987251045305
0.20567322,0.0218,0.2438505054357442
0.3129617,0.40613726,0.2697752588534181
0.02146629,0.23770197,0.0606523366225086
0.5128772,0.47815293,0.166668680717305
0.13116395,0.70811373,0.2636259536810634
0.8920195,0.31001568,0.0994810635317369
0.01131105,0.27186275,0.0449684166766162
0.029834554,0.3300196,0.0751562144995036
0.067141525,0.70444703,0.1451595002244236
0.39519823,0.25017646,0.1756903517965647
0.050475698,0.22543137,0.1058733861592836
0.8433577,0.6374784,0.0978668369873365
0.41475976,0.39547843,0.3061314341521769
0.032280378,0.082372546,0.0858830007119042
0.013001195,0.2688,0.0468096400839973
0.027740924,0.3110196,0.0730864094848648
0.042009,0.81750196,0.1030630097567969
0.014119967,0.100917645,0.0426222949342582
0.025216743,0.04215294,0.071415008066121
0.028818749,0.18622354,0.0896100732753567
0.03754929,0.1898353,0.0897428527368739
0.07006598,0.6113647,0.1597372971994872
0.06480215,0.124717645,0.1404212783497348
0.34121677,0.48169804,0.2761058182042241
0.08684046,0.8151137,0.1745595581968653
0.024728851,0.15084314,0.0665766211146943
0.85601974,0.3309451,0.0976490178321809
0.13372086,0.65853333,0.2607886968586049
0.162713,0.2679059,0.2348768830650991
0.14894235,0.32502353,0.1971795802949992
0.12717995,0.5117294,0.1968500220165566
0.39318067,0.11379608,0.1651122372624371
0.012411702,0.31404707,0.040605928539902
0.010723918,0.0664549,0.0371495253723765
0.078745864,0.70804316,0.1563427411959571
0.1338828,0.48489803,0.228785947861944
0.59692943,0.332949,0.1988207162520481
0.02130901,0.42328236,0.078971859014842
0.050223928,0.14988628,0.1138301204301657
0.17810762,0.25556862,0.1817091172229089
0.6359086,0.600851,0.0638089948416102
0.011923749,0.31933725,0.0393109171927954
0.67048323,0.3269098,0.0909705044341995
0.008945789,0.39951372,0.0277631347812385
0.6367767,0.3083804,0.0638634753173008
0.60296553,0.06032157,0.0490749958068656
0.01066833,0.26751766,0.0304822254221054
0.0085412795,0.30090588,0.0306503347058871
0.8329575,0.23617648,0.084450454808346
0.059671346,0.4586157,0.1335443173923087
0.12117679,0.2434706,0.1926566756557994
0.089742035,0.17361176,0.1944641450303736
0.08874462,0.44099608,0.1817740537442001
0.041626234,0.21686274,0.1051187178523969
0.032022882,0.5392902,0.0804996626227884
0.949519,0.64771765,0.0695115765207887
0.13945293,0.7570196,0.2230499796213488
0.007421909,0.35366666,0.025286828774961
0.07649227,0.35216472,0.1561382478290462
0.03339992,0.77742743,0.0936474348887148
0.047434296,0.30825883,0.1124530384999467
0.050336447,0.34507844,0.1243115619975002
0.06057608,0.68501174,0.1380523706749842
0.35359204,0.80013335,0.2955236288026968
0.015051978,0.2975804,0.0487335395226587
0.5507235,0.28412157,0.1655253892773074
0.40487987,0.22880784,0.2622340872616352
0.19517544,0.2630902,0.2163336571696107
0.024231547,0.8078902,0.0802270442053907
0.034299906,0.7559843,0.0898756584955932
0.12312791,0.3985098,0.1991341425760313
0.026694356,0.28180784,0.0786125984173958
0.35035393,0.788698,0.2992083981929242
0.108460456,0.44143137,0.1981540862392626
0.14915577,0.23391765,0.2226279214205785
0.044367615,0.3983804,0.107281100573019
0.07572424,0.20888235,0.1523550092993121
0.05842801,0.69543135,0.1331196915920185
0.3373592,0.12595294,0.2326972257683862
0.14367963,0.31457648,0.2121945934489743
0.01769621,0.39686668,0.058903982128058
0.62082595,0.8015647,0.056605005996684
0.05602707,0.18314902,0.1406011906960213
0.06132499,0.42741176,0.1404038448080521
0.08900512,0.59358037,0.1657368251926438
0.6908623,0.37608626,0.0901364037300389
0.0047849673,0.23358431,0.0174782155240064
0.587473,0.32672158,0.2507688137208348
0.13616246,0.2839608,0.2189257699028379
0.013124925,0.4333098,0.040485601735328
0.65705407,0.3152745,0.0606473700009129
0.026809081,0.094564706,0.0660641078807084
0.15255904,0.7456,0.2452377282723205
0.0781468,0.23604314,0.1624273853585623
0.040196985,0.2531961,0.1042699068579166
0.0101509765,0.32454118,0.0371269365661045
0.56814903,0.5534,0.137988903188404
0.0976418,0.73275685,0.2117928006476828
0.47340283,0.61138433,0.2161672749521138
0.009653713,0.25295293,0.0332645068278694
0.019107692,0.06876863,0.0542003241497146
0.009487692,0.075545095,0.033367845184663
0.017453277,0.3528353,0.0513073872184731
0.5253832,0.5229059,0.0726784877309181
0.56381047,0.02117647,0.1468306288380066
0.0069399513,0.3464745,0.0300283280858663
0.9683843,0.7080549,0.0433613366934775
0.031579368,0.27893725,0.0873768283922925
0.5479028,0.67337644,0.1275502969337676
0.7653395,0.5625216,0.0949510480180344
0.0046159117,0.2910549,0.0176470899617353
0.6639269,0.23929411,0.0792426534946253
0.013266883,0.30792156,0.0413671549977139
0.08499459,0.0114784315,0.167541566592611
0.077015705,0.21083921,0.1569403244477965
0.5354776,0.46230587,0.1237615733192913
0.62786245,0.35381177,0.0615514069990323
0.56678945,0.65171766,0.1460324238746957
0.6684007,0.3506353,0.0758884670731312
0.10479105,0.24932157,0.1986647322789128
0.038958494,0.7595804,0.1106782184214147
0.018872615,0.5072902,0.0506502454383772
0.8822136,0.24648236,0.0805006163077524
0.94974214,0.43990982,0.0747301138218601
0.006414041,0.330749,0.0238167525837528
0.13462248,0.24037255,0.221233402679581
0.015015605,0.49887058,0.0488847767397461
0.8954317,0.2834196,0.0769016660400994
0.01268464,0.350349,0.0441478168729917
0.61563784,0.70667845,0.0661511132871655
0.025812827,0.32499215,0.0913263487645992
0.07666197,0.10965882,0.1482733442578152
0.0944287,0.5280902,0.1694522718366185
0.052143116,0.3004353,0.1162982015394602
0.14088461,0.4403294,0.2353989079058429
0.1227751,0.43617648,0.2238010400683967
0.18190609,0.28928235,0.2189785929585252
0.61894405,0.05070196,0.0683484068929549
0.17297778,0.5498784,0.2837301471094088
0.1508881,0.12571372,0.2457958157706312
0.13376142,0.27870196,0.2002021115697653
0.82047975,0.24456471,0.0962721661036687
0.08198112,0.0114784315,0.1667948558071816
0.12720011,0.45441177,0.231550688724152
0.34853354,0.12530981,0.2077660945862157
0.969828,0.7190588,0.0371032785487144
0.093209416,0.18661569,0.1867880903735978
0.64659137,0.45445883,0.066733995611852
0.07340209,0.4509294,0.1622787379440599
0.8538157,0.6092157,0.0923015996684022
0.063888855,0.39876863,0.1437610386287957
0.11424243,0.67247057,0.2001191535565571
0.56655043,0.028917648,0.1440733720717705
0.08753386,0.18760784,0.1721305298388574
0.6310847,0.47537646,0.0825242677461766
0.108827114,0.4518706,0.2119300512172683
0.6363374,0.63253725,0.0690857161770623
0.01595226,0.2771843,0.0511415300435567
0.012856099,0.5056941,0.0425936921056753
0.051972747,0.5182196,0.1353379197255627
0.016079105,0.4464392,0.0607159721715642
0.01264457,0.29494902,0.0372681893245413
0.07567177,0.2781804,0.123973219482373
0.06045697,0.009580392,0.1422132785494808
0.1342478,0.44490197,0.2645309124796722
0.8639034,0.59474903,0.0978830836384465
0.1355987,0.4768549,0.2560190628752748
0.06833833,0.23537254,0.1618251945269038
0.49187833,0.40857646,0.1341794403063992
0.122559726,0.21673726,0.2041253653063111
0.8769002,0.2781255,0.098897047311683
0.8262693,0.5420588,0.0949565763455764
0.11881674,0.104313724,0.2415517552837973
0.09253246,0.27121177,0.1784050748062547
0.12028674,0.34067452,0.2360511733521223
0.098819636,0.4226706,0.1996508712383007
0.80695856,0.3636157,0.0850352916201582
0.6670358,0.11858824,0.0824835885345658
0.71891576,0.17948627,0.1004112993505548
0.09231641,0.007160784,0.1938549777272196
0.3070743,0.08235294,0.2351772413171313
0.1003604,0.14869803,0.1624743958260621
0.026999082,0.7694471,0.0756310353134426
0.61940044,0.38682353,0.0669337402399723
0.6573589,0.22809412,0.0815745479363645
0.013262228,0.31318823,0.0352103233126
0.0078041875,0.2851451,0.0263405285257865
0.81081116,0.2838,0.1033112768052342
0.048479486,0.58913726,0.103011576050792
0.01242898,0.34346667,0.0450583226364593
0.04973712,0.81598824,0.1155530636875545
0.52138877,0.30502746,0.093578505514403
0.6419839,0.272949,0.0649386787989458
0.015999045,0.098737255,0.0526678898262711
0.034218002,0.36218432,0.0815871069749767
0.20878035,0.42978823,0.2579096550104837
0.010401216,0.3184745,0.0344910176373238
0.04110706,0.089811765,0.0972999635177302
0.017594991,0.3529098,0.0518967324307237
0.3387081,0.061960783,0.1960085665554811
0.016787328,0.23498431,0.0484223014360113
0.6176907,0.6519804,0.070080123213374
0.014167624,0.31844315,0.0362084759033466
0.007581602,0.32751766,0.024450673131788
0.12879533,0.14053726,0.2301981007658927
0.16491298,0.7930784,0.2388804040163396
0.61770266,0.78127843,0.063895402507788
0.04015763,0.79624313,0.098483765812966
0.85420275,0.3321451,0.0986157868222821
0.012654578,0.3394745,0.0398629744048471
0.6436853,0.54371375,0.0692507950422447
0.013062112,0.3106392,0.0487693210408014
0.9410948,0.36170587,0.08700430687261
0.029873228,0.0306,0.090403629217297
0.017954161,0.26724315,0.0594483368565419
0.03264631,0.24749412,0.0843695588874871
0.019737434,0.068733335,0.04801012065006
0.03869428,0.057462744,0.1041238955179667
0.03190582,0.1122,0.0878266152769202
0.01399202,0.3579255,0.0427960003484136
0.026508635,0.20934118,0.0671568153641576
0.027631197,0.40790197,0.0779770499584318
0.34046012,0.16173333,0.2139566371511917
0.07317485,0.62249017,0.1553332790254729
0.04815052,0.44478825,0.1085996660525947
0.012873859,0.29014903,0.0388479796728095
0.835121,0.23338431,0.0955829755970925
0.03235763,0.10608235,0.0861932996931138
0.029267143,0.069737256,0.0839744775096928
0.084966384,0.15891765,0.1545382877412182
0.032629356,0.39208627,0.0933550585507257
0.67163295,0.11783137,0.0770992869446769
0.83327407,0.42825097,0.0944208418263117
0.0117854,0.28157648,0.0398294680678797
0.62664586,0.06527059,0.0693729639003406
0.023158476,0.19527844,0.065934646070408
0.3684018,0.08001569,0.1731153984687162
0.011405382,0.32145098,0.0322133437836062
0.82214767,0.76571375,0.0928024270668337
0.5347972,0.28736863,0.0865259258125033
0.056641918,0.3211451,0.128535328004424
0.05396623,0.23527843,0.127181760378778
0.7749279,0.3427961,0.1288579297084917
0.12220859,0.5963255,0.2280118815840638
0.07110992,0.81866276,0.1837870779608421
0.10008493,0.36722746,0.1926034157176966
0.53571504,0.4528,0.1060492386583039
0.007700844,0.025278432,0.0314983866915581
0.0086095445,0.22197647,0.0290983979346669
0.7625484,0.73271763,0.1094077494760716
0.56984574,0.019219607,0.1657110696479624
0.122991726,0.10764706,0.1799345504970457
0.19541818,0.76677257,0.2592722779945486
0.67689085,0.19062354,0.0873932983714345
0.57188475,0.020631373,0.1411355105679472
0.11172863,0.2348549,0.2223001702466724
0.101747446,0.009376471,0.1590368461149022
0.643204,0.26115686,0.065519313212079
0.6693583,0.37556863,0.0569001670532729
0.010013355,0.21947843,0.032895006970188
0.6354669,0.62033725,0.0677627289422249
0.30360213,0.5094706,0.2874550050388234
0.6197862,0.49960783,0.045314165608604
0.20789768,0.021149019,0.3540668307294325
0.13401218,0.0486,0.1801992416659387
0.031517684,0.22383921,0.0861159667013069
0.0264084,0.41877648,0.0690494046085526
0.14277051,0.16790196,0.1992653264504185
0.09504615,0.10765098,0.2089080188863887
0.53885955,0.39109018,0.1161399434172898
0.048418637,0.20980392,0.1037189500263654
0.76079834,0.57845885,0.1109936796036876
0.008141581,0.11559216,0.027085697150315
0.012046877,0.49521962,0.0439330250587188
0.008910198,0.24417648,0.0274806893298712
0.16134828,0.5464941,0.2254502711867523
0.47012153,0.42139608,0.2380976077794557
0.5178191,0.5795961,0.1272865133641221
0.43513662,0.42497647,0.3108256140473435
0.12886117,0.50828236,0.25264293486007
0.114563495,0.74877256,0.1887255282483378
0.6635437,0.10932157,0.0839663828826178
0.13225883,0.26324707,0.2041176900766032
0.024947753,0.0895647,0.0676186443374283
0.13381696,0.45213726,0.199783528570027
0.65842175,0.28476864,0.0791137979554623
0.6380011,0.3587647,0.0625261333985345
0.17582446,0.23630588,0.2200516754623492
0.6575018,0.32666275,0.0759877688512642
0.55979943,0.10478824,0.1676590899256065
0.72834486,0.5505059,0.1640245033780207
0.17377168,0.2291647,0.2221123108080253
0.5364473,0.40351373,0.1309343525206541
0.026639795,0.075560786,0.0693135955771494
0.09611463,0.10876471,0.1580205186085046
0.17492002,0.04045098,0.2083826553660581
0.06631484,0.36533332,0.1676642624641906
0.20081124,0.24418823,0.267954496907674
0.14145195,0.2806353,0.1873895120344285
0.62795454,0.47486666,0.0716009637497328
0.3033547,0.36680785,0.2598454348090147
0.675617,0.05061961,0.0772852217506787
0.11204061,0.3373961,0.1854014388863017
0.58292466,0.039513726,0.206103831072115
0.7283037,0.10179216,0.0968840922037717
0.5433809,0.4286353,0.1336332949470964
0.7110186,0.18295686,0.0909589111441584
0.60680723,0.78,0.0553317552313021
0.13545492,0.61231375,0.2449138196778412
0.036897518,0.04235294,0.1023761934273935
0.052462522,0.78955686,0.1281044724913696
0.011006308,0.07478039,0.0337886982995667
0.17505147,0.58361566,0.2662236332566575
0.02278406,0.40265492,0.0613424381526767
0.33002114,0.1632902,0.223514031466249
0.098790474,0.11991373,0.1928423109657859
0.534778,0.48609412,0.0872664636188371
0.30479127,0.13766667,0.2330205680631986
0.0065210694,0.41984314,0.0221649003224338
0.3942322,0.21536079,0.1775892211825754
0.118861474,0.6948745,0.233411549656214
0.62598747,0.49935687,0.0575748913988438
0.010362682,0.31844315,0.0311995390872732
0.0075027114,0.14450195,0.0227500516721137
0.04077102,0.5290588,0.1042875323852471
0.16006911,0.018396078,0.2194480926179559
0.06723806,0.29542354,0.1549764108105829
0.039223608,0.095678434,0.1034424088680965
0.13213281,0.27608237,0.1661332562680891
0.115894556,0.26640785,0.2091834906210308
0.631047,0.68267846,0.0641320379889625
0.012113825,0.1607451,0.0431104859218756
0.8319642,0.581451,0.1030861788946126
0.71308947,0.11212549,0.1064033871583534
0.054050203,0.6703843,0.1317308503893877
0.20173329,0.61259216,0.3277246950245126
0.02728865,0.08064314,0.0767488380462666
0.15317774,0.04979608,0.2292788306597475
0.020981738,0.3687294,0.053410837567163
0.45982036,0.3602941,0.1962463316261339
0.6301792,0.37348235,0.0613235634764963
0.11858422,0.2186,0.1851307207259045
0.69113976,0.08680784,0.0787246125780674
0.13631417,0.6663647,0.2602139780410692
0.7997199,0.31473726,0.0861001187861147
0.118429765,0.47690982,0.1683700247312157
0.010849428,0.22187059,0.0347534692201001
0.3484328,0.16401568,0.242273701211396
0.0936302,0.008243137,0.2036144048228105
0.050460115,0.12154902,0.1433890111783427
0.099742524,0.010270588,0.2050326010287612
0.1489898,0.2697647,0.2451472737540289
0.32336345,0.17624314,0.2548102931084512
0.027559223,0.08637647,0.0915493258527498
0.10556731,0.1487098,0.1575528359827563
0.58840585,0.35655686,0.2033910262612886
0.03393622,0.7448588,0.0793174901263492
0.0093739405,0.1598549,0.0283029295966797
0.11204434,0.15661177,0.1826656514132635
0.060287915,0.55199605,0.1342960692301693
0.8826712,0.22301568,0.0865203815329915
0.033943463,0.17813334,0.0826827851316144
0.013302152,0.31941175,0.0487121241177859
0.13923755,0.47435296,0.2011507918057875
0.15801653,0.3517098,0.2476813109134376
0.043794293,0.2531451,0.0986285269576647
0.5704803,0.038792156,0.1565263529457574
0.011899353,0.26167452,0.0497832343489379
0.010565003,0.030709803,0.0326305635826845
0.65763247,0.07189412,0.0789938827142788
0.02141559,0.36592156,0.061755381024573
0.11317559,0.24423529,0.2156373956782654
0.15180607,0.24004313,0.2146595138244282
0.05239344,0.764851,0.1212545881667682
0.88971764,0.22356078,0.0972643201530965
0.0383792,0.7416118,0.1019605323313543
0.015789751,0.4495647,0.0460095908024917
0.039992202,0.15544707,0.0959886871553984
0.20850345,0.041019607,0.2773017459176011
0.5126316,0.78077644,0.0897711516337442
0.124001436,0.013643137,0.2241238266693998
0.7860364,0.25844705,0.0924751274868271
0.059520274,0.26786274,0.1417019968015335
0.18508478,0.3332549,0.252918468656183
0.03607603,0.6265608,0.1158475966297718
0.055776965,0.5183686,0.1200023836437761
0.09569469,0.16823529,0.190234589615352
0.7613953,0.6159176,0.0828281123595777
0.15101326,0.017756863,0.2726817482717139
0.17001541,0.7025647,0.2645805780669932
0.13098983,0.16898823,0.2182819045139102
0.021144314,0.20847058,0.0689053149130752
0.09124033,0.6475843,0.1899138228466431
0.029937439,0.09422745,0.0798398463775957
0.11150466,0.15788235,0.2287511661795491
0.011116299,0.21720785,0.0338248412776355
0.059854195,0.2924196,0.1379453529935858
0.019716585,0.33777648,0.0518507948942161
0.40510136,0.118517645,0.3114406187531703
0.40037045,0.10561568,0.2685095882197162
0.017922455,0.08374902,0.0485479892745166
0.83829385,0.22974117,0.1178474736657584
0.012316057,0.2861412,0.0429178516798093
0.08484122,0.19196863,0.1715249863053953
0.030646607,0.7657843,0.0869019151991201
0.8930621,0.22489804,0.0887189759796278
0.66390336,0.110533334,0.0826813876351741
0.049257472,0.44633725,0.114471942786645
0.092746966,0.39453724,0.1739899311864859
0.86456335,0.22851373,0.0962558661673798
0.08602121,0.06139216,0.1654523253778681
0.13875192,0.35486275,0.2444176304744843
0.018699331,0.08614118,0.0584691642324513
0.83755004,0.15922353,0.0882323171103212
0.119679734,0.081011765,0.2017542952170143
0.08247171,0.28834903,0.1732167054520595
0.022692718,0.6103098,0.072992325961841
0.050924584,0.2787255,0.1224868048637826
0.052298047,0.32746273,0.1133744966263182
0.6127303,0.0632549,0.0581058150166382
0.9278548,0.24794902,0.0808728292693719
0.6335503,0.3080196,0.0577359593964577
0.1363717,0.41060784,0.1844030334880836
0.013001698,0.29659215,0.0426222632144636
0.11770048,0.27468234,0.1861862584290895
0.6565682,0.2575255,0.0692202713701382
0.13977396,0.16415294,0.2243603289933499
0.6441301,0.5152902,0.0632986846868663
0.008915249,0.28611764,0.0339079187875123
0.7726217,0.56113726,0.184457311932535
0.5603672,0.013011765,0.1499463818899173
0.16829775,0.023137255,0.2228512775554816
0.030783033,0.44988236,0.0854861376935795
0.15158276,0.14425097,0.2189728539122493
0.65812325,0.2096902,0.0827349210212253
0.5459826,0.35145882,0.1001569151851264
0.15978372,0.06839216,0.2317667171494504
0.65714324,0.29684705,0.0689977281263662
0.05969827,0.22947451,0.1362053370362896
0.40153494,0.2714353,0.2856440700891466
0.162318,0.8121098,0.2597418372288542
0.32323712,0.10427843,0.2498089764690361
0.021567073,0.16569412,0.0561155929241256
0.007953357,0.20875295,0.0367459784056116
0.124627136,0.3215451,0.2170182121980509
0.015694607,0.5157255,0.0476789771477742
0.036265958,0.3977451,0.0971562063550206
0.029423935,0.07389804,0.079881331982415
0.093071505,0.4475451,0.1744621415027217
0.034723148,0.43788236,0.0783223747536942
0.067244746,0.5297647,0.1481902107155358
0.055440392,0.25679216,0.1284650693026704
0.639918,0.53943527,0.0632425952998614
0.014912356,0.2793098,0.0398567929759311
0.6377244,0.6504784,0.0742377411802608
0.113701135,0.23809804,0.1959801891273788
0.009931762,0.27752548,0.0350647911855387
0.010957356,0.33502746,0.0352637609601644
0.118341856,0.2882353,0.2152879989665026
0.049160358,0.16927451,0.1138165799397149
0.13195616,0.15653333,0.1980762318069987
0.83797544,0.43819216,0.0825426722194657
0.88436896,0.22441177,0.0942442014575704
0.6779998,0.3516941,0.0882601221637009
0.34468457,0.17550196,0.1961089289892509
0.010293145,0.4034196,0.0298192719325304
0.64076155,0.44453725,0.0594222011507976
0.045285538,0.3659098,0.1068945820427723
0.11405328,0.26220784,0.2157942066779776
0.008884676,0.25020784,0.0307672722129197
0.82357603,0.27190587,0.09030634146524
0.07291163,0.20830588,0.1513021765624974
0.08431901,0.006247059,0.1681369578917144
0.58285505,0.018654902,0.20437687124672
0.12896739,0.37069803,0.2336922962538751
0.1480409,0.32297254,0.1660336172899272
0.8157307,0.7290941,0.0905251730387988
0.6407285,0.4664902,0.0793981929991043
0.13559288,0.39775294,0.23504889558704
0.022662986,0.03147451,0.0602540667682685
0.26562154,0.3114196,0.2854976404255708
0.13673376,0.17066666,0.2077159430126311
0.02785813,0.5525216,0.0771069910715073
0.035874024,0.22525097,0.0926306448417128
0.14486264,0.25204313,0.1643690059247182
0.0122736,0.05920784,0.0402486257525186
0.013981375,0.36571765,0.0410645549470892
0.06662999,0.61225885,0.1364012982816365
0.39558563,0.2609059,0.1755742970633987
0.036607884,0.6222745,0.094110129081432
0.0533606,0.32479608,0.1200214246333221
0.0040926384,0.26374903,0.0176975996572787
0.35879302,0.75022745,0.2796431103278448
0.8567522,0.5953098,0.0932987412105945
0.040157508,0.5352902,0.1049425581242597
0.020391887,0.20071372,0.0486675156559622
0.036761645,0.42223528,0.0913473722964353
0.12634143,0.7611255,0.2449595533234231
0.20795584,0.26600784,0.2810241464786611
0.5107071,0.5992,0.103411826119845
0.02571333,0.90461963,0.0729861868001075
0.044245258,0.54008627,0.1145132569068566
0.9066629,0.25492942,0.0968983309003967
0.010533175,0.1139451,0.0404696886127502
0.10884752,0.09090196,0.2030958816817207
0.6463814,0.42752942,0.072726574080548
0.087181814,0.014227451,0.1788442823828138
0.5408212,0.3345059,0.1003246056837845
0.079639144,0.24427451,0.1467747581396263
0.0374954,0.84911764,0.1031313928135418
0.058844045,0.4060902,0.1231862502567448
0.7764934,0.30026275,0.0945114329700325
0.19166368,0.28493726,0.1915748952202494
0.54401964,0.6615804,0.1335733513358765
0.09357986,0.21789412,0.1344442782080395
0.30701375,0.101482354,0.2650040917235208
0.32748494,0.17215294,0.2139560681314715
0.8237339,0.62422353,0.0905662132837474
0.33499706,0.18058823,0.2111089463489853
0.39198083,0.21567059,0.1715965963211857
0.13229516,0.668251,0.1587804557119029
0.08909136,0.34921175,0.1935398178073908
0.58053005,0.3176588,0.2195790372047528
0.16131088,0.23591372,0.234871362460031
0.09277591,0.10780392,0.167357897253494
0.05082785,0.23987843,0.1284349621355494
0.021452399,0.22911373,0.0741729213630833
0.31040514,0.38968235,0.2019000576452581
0.40389875,0.30277646,0.2849949411984501
0.15686773,0.4903608,0.2695271295702923
0.5252635,0.55492157,0.1022879230098184
0.1251652,0.29849413,0.2252116738130372
0.02811064,0.22647451,0.0708261082375237
0.8819678,0.30231765,0.0981690438806448
0.6624672,0.13176863,0.0818222974574012
0.007468379,0.27981177,0.0280102193212599
0.62016594,0.07467451,0.0463905957424926
0.5910529,0.04825098,0.1962470331179979
0.413452,0.30791372,0.2557413501134028
0.032862354,0.45439607,0.088206623354848
0.80236375,0.31994903,0.0911054486392795
0.03144239,0.45401567,0.0798329111685998
0.022026187,0.1456,0.055785032525496
0.09198871,0.33652157,0.1806839130601608
0.13608894,0.64190197,0.2135132733743066
0.0065306462,0.1719451,0.0221151107596605
0.02802291,0.47070196,0.0814683866035211
0.014246115,0.3987451,0.0397067459258004
0.016892439,0.3965098,0.0443413639974215
0.017852463,0.48525882,0.0518529809556672
0.1194319,0.42477256,0.1952511415965825
0.106710814,0.24550197,0.1933770153257238
0.01979902,0.76824313,0.0610357703400924
0.15160906,0.8383333,0.2410455634799141
0.08154214,0.55019605,0.1722214442234079
0.11556313,0.6694941,0.2286648321414039
0.11839202,0.051007845,0.2263505269786793
0.5084089,0.61553335,0.142069933936868
0.13592125,0.101835296,0.2257766223510998
0.046898637,0.2323255,0.1095765734470662
0.19831087,0.029450981,0.2705496230762354
0.29807365,0.63900787,0.2969361001318362
0.53581077,0.32336864,0.0996117654916952
0.11577225,0.013105882,0.1990493675291407
0.018828334,0.4082902,0.0551862744340538
0.3120631,0.14936863,0.269012456306214
0.012826072,0.33527058,0.0374767452681185
0.95987916,0.7046588,0.0457492960096261
0.12728295,0.41028234,0.2288505866011402
0.0339227,0.40331766,0.1074979583667519
0.015768036,0.3265608,0.0511808210447927
0.6263256,0.49227452,0.0553251940681391
0.33892438,0.14947058,0.2409620854664504
0.741543,0.15951373,0.1069947818790741
0.82777506,0.59730196,0.0851152087317836
0.3974332,0.11547451,0.1680733526622138
0.34266868,0.1716902,0.2490592613753978
0.12590401,0.6234863,0.2335789451253552
0.021137431,0.18508235,0.0530590340525624
0.14048925,0.5539216,0.2603156425649757
0.08852642,0.7121843,0.1836164344795743
0.114698544,0.47352156,0.1827207581724861
0.08422292,0.49301177,0.1845893818522736
0.11348766,0.25048235,0.1896015966410817
0.028949276,0.27034903,0.0726939697043232
0.05077189,0.36196864,0.1154545656664282
0.5397375,0.66063136,0.1313787317763788
0.08416585,0.054611765,0.1552860616410044
0.016222736,0.22557648,0.0440008965786255
0.13226333,0.6630314,0.2477932223158155
0.63011837,0.49255687,0.0672609083620781
0.34942684,0.13066667,0.2110200022442685
0.040470332,0.29965883,0.0955877849126315
0.894146,0.3189843,0.0858851102991542
0.04185597,0.4160039,0.1061513345114056
0.5405773,0.33579215,0.1239689682574535
0.13553348,0.33668628,0.2209413865014303
0.02365336,0.07668235,0.0735406552176792
0.61769134,0.51448625,0.0557065060497383
0.18061136,0.24601568,0.238932144795134
0.39348587,0.12630588,0.1815382053962397
0.05516948,0.2927098,0.1211761625784853
0.02007551,0.5492353,0.0521916895583472
0.028414132,0.11109412,0.072677067540515
0.31450146,0.3703608,0.2434761283944666
0.39514104,0.11521176,0.1655011685636706
0.021530915,0.085788235,0.0637756473994402
0.05781099,0.2188,0.1415941102599693
0.051732555,0.6577686,0.1398883966042825
0.09368804,0.13255686,0.1465390402181949
0.156513,0.2397294,0.2144539010730801
0.85085034,0.53150195,0.0985378572478372
0.016822036,0.17605098,0.0531719437550969
0.017844934,0.46773332,0.0536451761582587
0.12275857,0.29584312,0.1767169015780485
0.10777524,0.29568627,0.210974936894764
0.014176391,0.2002706,0.0454658897368418
0.08323702,0.7285569,0.1529643890520918
0.021079535,0.08031373,0.0645002853578337
0.019771442,0.5940588,0.0528688321583159
0.87777114,0.41073334,0.0855027038827713
0.06992623,0.263949,0.1400085588448597
0.9761498,0.6788353,0.0424870334746818
0.046548814,0.24503529,0.0958221106993356
0.05103757,0.16374902,0.1192461995272707
0.04767599,0.3637451,0.1153540456919881
0.017924989,0.06229804,0.0477410173929688
0.01080482,0.34438038,0.028627284236867
0.60389477,0.6027451,0.0688108376726863
0.10086639,0.4904353,0.2286131714167494
0.116489306,0.7748,0.1399891203210174
0.15029058,0.49673334,0.2572389974455676
0.70807874,0.18053725,0.1020502436765282
0.40740833,0.2837255,0.2241842181482667
0.1447668,0.7305804,0.2640329261009245
0.85063523,0.6228588,0.0973601748617931
0.012847513,0.26530197,0.0435782669290787
0.5586363,0.35860783,0.1715863740233676
0.16243982,0.2325098,0.2253048787047169
0.10881812,0.44599214,0.2210098370578201
0.032214187,0.18228628,0.087323224961561
0.89725214,0.24330588,0.0805086197416544
0.01936193,0.020984314,0.0704588905689223
0.06927154,0.12671764,0.1341617940098625
0.08714267,0.5132196,0.188217819669595
0.63248277,0.39764315,0.0643854472263971
0.033559874,0.35444707,0.0834652055110355
0.12588772,0.2653451,0.2178162871504896
0.017387727,0.32974118,0.0446810076723415
0.82777464,0.19292548,0.0932728179709587
0.63297755,0.36188236,0.0563290805588816
0.11016737,0.7260549,0.2300953164730188
0.033083066,0.20606275,0.0855772187324281
0.6721393,0.12187451,0.0805556107078619
0.0039344435,0.26246667,0.0173045918774875
0.82390547,0.573251,0.0956414081245018
0.626274,0.6696628,0.0693106556717286
0.9283599,0.5124784,0.0707917849199537
0.010640446,0.39,0.0345661948151182
0.8521297,0.55331373,0.0925668852611067
0.8569603,0.63316864,0.0958578578505542
0.06917491,0.20493725,0.1614685592879745
0.15724,0.89805096,0.2453068053396919
0.08349142,0.23907843,0.1733970054656309
0.17776851,0.2142,0.2644693716339674
0.49948546,0.32566273,0.0978679132896388
0.10291687,0.3520902,0.209535878797138
0.8166833,0.6187255,0.1004192556802825
0.628907,0.060062744,0.0711482606075606
0.09778932,0.23947059,0.1942414964053122
0.09488556,0.44609413,0.1888455616919851
0.009308096,0.32965097,0.0317610868874568
0.12374227,0.4075294,0.1878194440478229
0.6066421,0.16124706,0.0670577405183945
0.05153579,0.34850588,0.1190235982937746
0.66569054,0.28790587,0.0772176389174197
0.10247374,0.10699608,0.1753996911662955
0.8245909,0.59262353,0.1107387991628681
0.24064146,0.32464707,0.2649234805964852
0.162507,0.33531764,0.2017415561229454
0.09907371,0.7208784,0.2045328257715333
0.06129687,0.3799686,0.146312361085384
0.13764681,0.23408628,0.2178664392659551
0.40150017,0.2804549,0.3050452079438798
0.90120006,0.23259215,0.0949740645413594
0.011763049,0.28301176,0.0365971473502488
0.57384104,0.03034902,0.1650766494576407
0.074218966,0.3706157,0.1643832255721656
0.044608135,0.22139215,0.1081535858806983
0.047440074,0.37160394,0.1045958862196922
0.09841426,0.35795686,0.1832739903184978
0.13164626,0.016454902,0.2504272062569061
0.6377199,0.67873335,0.0693005800072539
0.23282576,0.16349019,0.2542703819081111
0.041156016,0.24889019,0.0989358055295707
0.23295374,0.32732156,0.2967390296353891
0.7613214,0.7999451,0.0771816095736157
0.33108467,0.7893451,0.3255867614867002
0.3254509,0.11186274,0.2226823143084811
0.49713677,0.63419217,0.3866638542101859
0.31522956,0.13649411,0.2282621596199175
0.016266746,0.35994902,0.0512787932023541
0.011577645,0.255451,0.0397309634591818
0.7863484,0.28479216,0.0851327523000737
0.07920857,0.32348627,0.1665881460206064
0.52067333,0.33373332,0.0885153635275259
0.1271403,0.09560784,0.2238039989538469
0.08372743,0.0034078432,0.1869059848108299
0.13034064,0.16598824,0.2302105618438791
0.8232165,0.59552944,0.0851296916434651
0.78842545,0.26923922,0.1013482106288008
0.010542435,0.30692157,0.0297056104473706
0.034845497,0.3606745,0.0795103395398722
0.024403963,0.3169451,0.0718121788803061
0.14173731,0.6033843,0.227352069986972
0.12656419,0.63662744,0.1885326148744755
0.3242041,0.13247451,0.2024594293200309
0.13298248,0.4163412,0.2283713762371113
0.20278177,0.57275295,0.3443778031857569
0.017367411,0.29513332,0.0501829698014755
0.5404707,0.44731373,0.0969391471131699
0.21283197,0.22014903,0.2453225594520353
0.6603668,0.1251098,0.0632842900654226
0.15118848,0.32083136,0.1741571677892943
0.78719884,0.43348235,0.111582495502017
0.060573004,0.6613765,0.127210922093948
0.66441065,0.1885804,0.0769130526073134
0.2527064,0.03819608,0.2438785138508632
0.15708098,0.1842549,0.2027971434718594
0.7708462,0.63026667,0.0829775414242763
0.22191425,0.4566,0.3590382928008584
0.6320976,0.44640785,0.0543901512950548
0.788028,0.2927647,0.0988223796146803
0.02251168,0.41787058,0.0593036353122035
0.12663437,0.5505451,0.2098409490105668
0.10954423,0.06128235,0.2042088297059552
0.514254,0.7534157,0.1326126763311021
0.119309835,0.56625885,0.2324555714980245
0.13160276,0.1572706,0.1985705642600899
0.12247719,0.06594902,0.239656138390715
0.32588726,0.40972942,0.2568239274495953
0.013967569,0.17243922,0.0390412814684944
0.25842163,0.81089413,0.2995905265472799
0.06293471,0.6237255,0.1410024004574736
0.040124718,0.16366667,0.1144256877045574
0.9184418,0.5381333,0.0752410654043218
0.017196247,0.43486667,0.0520733213659274
0.5157309,0.63981175,0.1198938979269568
0.117414705,0.10452549,0.2064866253995517
0.15709561,0.3630549,0.2120498165739789
0.0943892,0.61691374,0.1645096919916417
0.09789434,0.7032471,0.1827980665017307
0.026194567,0.16878039,0.0723291465249221
0.012805865,0.2716745,0.0439951364567908
0.6531737,0.40764314,0.0640985132978788
0.8818609,0.3008196,0.0836888177722552
0.6425312,0.31763136,0.063842188621856
0.15069623,0.73104703,0.2589232883777638
0.6234743,0.6212314,0.0658197231991983
0.13131644,0.6856039,0.227299177427264
0.01063416,0.089372545,0.0341454637868946
0.009116047,0.27455294,0.0368770053335168
0.08656992,0.8470902,0.1770087849931457
0.43831018,0.41878432,0.3398003960595932
0.11025362,0.33881176,0.2193094023093394
0.08069247,0.5358549,0.1829421383269717
0.6552341,0.3926745,0.0742257941579447
0.098730735,0.30396864,0.2227438696485126
0.5359432,0.5522549,0.0837149573982523
0.1151809,0.46734902,0.2366774281045662
0.64912224,0.32566667,0.0678917499368068
0.3220223,0.12151765,0.2406271857488756
0.65063393,0.2284196,0.0693156592718104
0.013046486,0.40639216,0.0403947577570154
0.17700493,0.16063921,0.2163450458998501
0.07894215,0.09912549,0.1709828592631428
0.11100719,0.11593334,0.1417731197353962
0.044622008,0.21052548,0.1042406256870895
0.6674495,0.20770197,0.0670310508477192
0.76325166,0.5225921,0.1069505197018403
0.13020585,0.31028628,0.200037118953909
0.59965616,0.7650745,0.2208758014873384
0.011158702,0.062596075,0.0349354778831052
0.53378654,0.4708549,0.1017625621755837
0.89179075,0.6099882,0.075581307258477
0.04551932,0.19158824,0.1122443663483945
0.28706646,0.07272157,0.2604637189921576
0.11356351,0.5068667,0.2010946325571094
0.00821415,0.29542354,0.0288146268918165
0.9037772,0.37922353,0.0834042003165704
0.03341701,0.19345883,0.0736480371614155
0.015564913,0.5442392,0.0456950176508138
0.61082864,0.61232156,0.0669300716939602
0.029469982,0.52264315,0.076032214799354
0.041951183,0.86620784,0.0945932402883524
0.6616017,0.23360392,0.0690636649634752
0.122312024,0.49995688,0.212010169494776
0.014010208,0.1164353,0.0401061563131038
0.19356811,0.6088941,0.230558111734522
0.58348244,0.086964704,0.1812126255449326
0.03583279,0.05942353,0.087073209349812
0.16311972,0.044768628,0.2384142107624622
0.014301781,0.35309803,0.0427609568665859
0.56296813,0.28482744,0.146205848503623
0.7841674,0.36413333,0.0779919531617667
0.12685232,0.4434745,0.2344426219441334
0.036319863,0.5884745,0.0813235227467789
0.013323802,0.2758392,0.054112261336103
0.05677903,0.24889019,0.1360940495410449
0.040911995,0.5632667,0.0989820531780596
0.11069608,0.20052941,0.1946932328228963
0.1267446,0.091172546,0.163207911472471
0.5135704,0.7592667,0.1090138677339325
0.8882785,0.31207058,0.087239060057686
0.92722803,0.5119569,0.0648669472412946
0.07589231,0.5737608,0.1710954075211574
0.008516218,0.29325882,0.0235280563096035
0.087128274,0.28829804,0.1602981554357682
0.7726424,0.6109529,0.0928992125468901
0.7693084,0.89216864,0.0922626370860928
0.90237015,0.66532546,0.0758917360549213
0.75978965,0.7154,0.0892260623099236
0.347341,0.15849803,0.1813133288027962
0.16203156,0.8326275,0.2563809504524615
0.47865495,0.4591961,0.1890363077325449
0.5376415,0.44954118,0.1097637670623354
0.10241648,0.1091451,0.1999127961192737
0.5776878,0.058890197,0.1751881229015559
0.17346728,0.1654353,0.2833670978221628
0.3704943,0.61526275,0.2198482799795608
0.053139962,0.17514902,0.1310835182766086
0.086206324,0.35421962,0.168467955896299
0.60019666,0.57677644,0.0537532306600216
0.50214267,0.6087176,0.103646629023998
0.03394897,0.053541176,0.0931058873716892
0.6592849,0.23468627,0.0747520736132916
0.6374687,0.44945884,0.0584356076040093
0.6378304,0.46304706,0.0807864666600937
0.09306168,0.103909805,0.215599075494823
0.40952575,0.40533334,0.2930869553384391
0.58818454,0.117345095,0.1826485001899096
0.88474447,0.25432548,0.0820652663215111
0.64477885,0.6189882,0.0696393528301195
0.11780773,0.42738432,0.1963564838951298
0.010590826,0.29365098,0.0372863720948279
0.14249422,0.6299921,0.20826686166767
0.15846771,0.16410196,0.2255122985606016
0.017074712,0.3056,0.0454161579847656
0.0532382,0.24579608,0.1244094384070983
0.35359386,0.15028235,0.1993228408834113
0.03713984,0.34311765,0.0947967811730875
0.30931613,0.1584745,0.2537299269778159
0.54608184,0.22661176,0.338585491351786
0.05172305,0.33268628,0.128868015008588
0.010619814,0.35861176,0.0373350595201068
0.039428588,0.48830196,0.096029609197789
0.13333273,0.5302079,0.2407755999345983
0.13586214,0.46030587,0.2695268217667724
0.14256786,0.2530902,0.2216667403899868
0.0529647,0.36493725,0.1384662823474564
0.32828414,0.21147843,0.2016902158173119
0.073222764,0.20038038,0.1724606344588219
0.058455106,0.20736471,0.1358443974994331
0.8233511,0.32911372,0.1236586167577558
0.05042146,0.8032941,0.119841152405786
0.06429698,0.77277255,0.1654726175897233
0.011849832,0.28502744,0.0351688464598461
0.014037052,0.34903923,0.0407950539113187
0.07672294,0.61239606,0.1366614663956369
0.11237251,0.4256353,0.2163026087306758
0.022708425,0.02977647,0.0646012039326323
0.06351867,0.2840549,0.1364638942779318
0.62347406,0.6975412,0.0744353063611391
0.10253829,0.005745098,0.1704808916255237
0.48290816,0.29021177,0.1394854342508499
0.029318137,0.73545885,0.0881986865273286
0.02936308,0.36171764,0.077779344961388
0.024587637,0.09648235,0.0713456824837917
0.54952615,0.3762157,0.136090358453067
0.12360577,0.668698,0.2036252143737776
0.09341233,0.17274117,0.1865052123798116
0.060776103,0.43133727,0.1347037864679856
0.08046538,0.19804706,0.1493296266469356
0.052104842,0.15907843,0.1244373982651261
0.05460928,0.29360393,0.1321646811441924
0.33029923,0.16787058,0.2369637103410683
0.107548274,0.20441176,0.2263888002826511
0.011373515,0.32922354,0.0297420028230236
0.13105585,0.105756864,0.221564688629394
0.09582925,0.01114902,0.20244181478151
0.026981847,0.46569803,0.0741920806775098
0.3335934,0.104309805,0.2866018548049259
0.63054377,0.54100394,0.0735596078825246
0.90377855,0.24532549,0.0742968360449833
0.9437796,0.6717608,0.0747917701026055
0.86764795,0.5978627,0.1041562305473775
0.062351447,0.59063923,0.1286029078454647
0.8473318,0.5941451,0.0909396304904148
0.05402923,0.2027647,0.1163731251592921
0.11090191,0.14700392,0.2305219238741412
0.8295217,0.73780394,0.0887259137099476
0.35104966,0.6671686,0.2464042785851166
0.1582938,0.35813725,0.2105912151259502
0.2953256,0.105192155,0.3028248472820734
0.5852312,0.035490196,0.1685832420959117
0.06785326,0.34039608,0.1540572251571909
0.8095162,0.6143569,0.0888443187064425
0.07776652,0.18759608,0.1781567274044684
0.09791151,0.68001175,0.1856460334640836
0.03557371,0.3176,0.0865532410437627
0.021710379,0.40652943,0.0549127028534788
0.02469098,0.055141177,0.0764567852064111
0.07218878,0.03324314,0.1513562425052238
0.054593574,0.1941804,0.1334732451786134
0.101526044,0.31625098,0.2117252148295077
0.10040721,0.055568628,0.1717396094393344
0.80467916,0.27733332,0.0915976811383207
0.011709038,0.3687294,0.0360515105823042
0.31988105,0.1834902,0.216544210071947
0.8507576,0.5938745,0.0987924804762023
0.64326155,0.4666745,0.0830510492731395
0.2717748,0.21690981,0.2787155955389518
0.023901198,0.36486274,0.068624309732034
0.011831723,0.11996863,0.0373500263762993
0.62082237,0.59997255,0.0615920690945654
0.07027613,0.6756667,0.1513920682198768
0.024059629,0.36150196,0.072821882493853
0.03677992,0.16647843,0.0967418776199108
0.044676207,0.3210039,0.1117999184816462
0.12818787,0.17137647,0.2310697804761903
0.010369768,0.21362746,0.0389792636872275
0.008574355,0.32109413,0.0292635473202201
0.08276104,0.7438235,0.1531594471214482
0.81822485,0.7061059,0.0887692292320441
0.9074825,0.23375294,0.0747686869630162
0.010558706,0.53329414,0.0367366407593948
0.09822382,0.16890588,0.1833307850325073
0.40806893,0.27962744,0.1947217861466663
0.112582214,0.35324705,0.2055677425300929
0.81119,0.26162747,0.0704404544200263
0.8216958,0.5912039,0.134836579147245
0.051709823,0.58942354,0.1053867653682611
0.10017285,0.768451,0.1879399739487603
0.027519098,0.21947843,0.0776298585731862
0.06947172,0.53395295,0.1503521438459344
0.66009134,0.36562353,0.0781763731948819
0.14018627,0.26194903,0.2447975990261835
0.092105955,0.20350589,0.1526126689202104
0.029555045,0.21485098,0.0763940030929637
0.6870832,0.66646665,0.0903413516458155
0.33488214,0.09078431,0.2207280729812486
0.47031224,0.2587451,0.2241709350603896
0.6347088,0.27303138,0.070544314096441
0.40590382,0.26860392,0.3349818031880253
0.120710276,0.22288236,0.1576400535995151
0.045717034,0.2517294,0.1043117333487233
0.8164837,0.58612156,0.0895955544755715
0.13059023,0.4331255,0.1970624858785106
0.6316867,0.4134392,0.0601689642152192
0.018235216,0.6405686,0.0513028231890139
0.09844753,0.4549294,0.1873359145053684
0.7234298,0.1583451,0.1038225735969267
0.0990458,0.015145098,0.1929055298371319
0.79286504,0.45842746,0.1028251626889582
0.0849327,0.2959804,0.1831383414254162
0.4005481,0.2039451,0.2539982786039049
0.016102374,0.30167842,0.0565542427401433
0.7261512,0.15812157,0.0872972457954071
0.14384776,0.6437608,0.2544784566120355
0.034098048,0.3302392,0.0859932796219907
0.0324743,0.55342746,0.0848880167222547
0.064332336,0.34381568,0.1440099232647193
0.15273717,0.16482745,0.2153262857527301
0.64864326,0.3514706,0.0683914880608194
0.67235726,0.10088628,0.0777556286226728
0.116138674,0.30727452,0.1867691489336234
0.03418468,0.7581059,0.0922018158309143
0.091803916,0.70073724,0.1891229740672639
0.0129735265,0.26894116,0.0439806919616809
0.079576835,0.20149411,0.1705280538458746
0.0701873,0.5581333,0.1467215381437874
0.024558252,0.45352158,0.0758328425051029
0.42030105,0.32140785,0.3561480077165092
0.12099596,0.6088353,0.2072300503334749
0.50990176,0.34264705,0.1258906803273194
0.12302558,0.71069807,0.2477490606331835
0.008955648,0.30730587,0.0314412164148459
0.09235409,0.31480393,0.1930523491530956
0.27312478,0.24259216,0.2856969237764856
0.6300328,0.56098825,0.0610841323692787
0.07598482,0.5850745,0.163546908614237
0.67011,0.0454,0.0713392532145571
0.6438797,0.6056902,0.0642488723361387
0.66838455,0.22865099,0.0786212485841328
0.5530162,0.23607059,0.1333847631683013
0.066727765,0.67319214,0.151875214433144
0.123057954,0.22308627,0.2048871293725377
0.15307142,0.18161961,0.2075612270626839
0.020570897,0.7255647,0.0643210120179332
0.95097715,0.57482356,0.0638410849875634
0.8944822,0.21989805,0.0853951477487429
0.72553015,0.43363136,0.1022470557499826
0.012665097,0.28040785,0.0400450144340706
0.13727157,0.13289803,0.1771182078640845
0.1112285,0.25587058,0.1929253285538689
0.02176151,0.45170197,0.062665102746295
0.010925577,0.31290197,0.0474240744220818
0.8583924,0.540498,0.1016847893411214
0.86111486,0.5528471,0.1137812390199222
0.0660759,0.2504745,0.1445306980650072
0.6694974,0.23602353,0.0820148191006828
0.11397464,0.22394902,0.2173012127118099
0.12686361,0.34697255,0.2000610680535928
0.13101706,0.6522784,0.2232881500417943
0.6585322,0.3214196,0.0630404829476432
0.01709471,0.30844706,0.0456790089903732
0.10420359,0.009733333,0.2179643702529391
0.3964235,0.19980392,0.1856027891272939
0.66415095,0.32384706,0.098670753986662
0.09148004,0.64292943,0.1965679199035704
0.63887644,0.59243923,0.076780585575731
0.13022827,0.09602353,0.2285874642372845
0.15206476,0.47433335,0.1985345214608146
0.28428626,0.20913726,0.2298158110640928
0.12802187,0.1251451,0.2271310869179164
0.8333585,0.5571333,0.100430035272016
0.15644954,0.20280784,0.2292824945145499
0.32500747,0.7922118,0.2834249797721125
0.047552977,0.64008236,0.1194054838882767
0.82086855,0.59660786,0.099108568158668
0.02663499,0.1448353,0.0769009034055487
0.5557953,0.2954392,0.1637399748137458
0.60267806,0.34486276,0.0668286418168189
0.21280378,0.042443138,0.3064630455694188
0.53426325,0.006427451,0.0959703325398957
0.05225029,0.2816745,0.1103499271034153
0.31195033,0.293949,0.2390413530782994
0.050743774,0.6933647,0.1250549558310187
0.008607578,0.27416077,0.0279712750292067
0.11883678,0.28424314,0.1798481073536598
0.019332489,0.071286276,0.0608610470061812
0.018773537,0.17592941,0.0524813606168579
0.03596832,0.18812549,0.1008655843655848
0.056381382,0.5437843,0.134237402927184
0.045063175,0.43394902,0.1068705438010988
0.24661827,0.4159608,0.3228683013854042
0.012298256,0.27826273,0.0398536730720186
0.7851661,0.31817648,0.1035521909156571
0.3245965,0.091192156,0.2188991677310635
0.026303325,0.095152944,0.070033859742404
0.5541749,0.6572549,0.1680470375551854
0.2710763,0.31780785,0.2673224298024184
0.010234821,0.27160785,0.0375568192442985
0.02003019,0.36450195,0.0694554522758944
0.95511127,0.22458823,0.0547945510764456
0.6512637,0.38874903,0.0704927490593387
0.91310346,0.66938037,0.0681154195718858
0.8768238,0.5835451,0.0768230011301831
0.38349193,0.11892941,0.1958995297321982
0.13738912,0.5135372,0.2183160409171908
0.11349708,0.3947608,0.2087354081291034
0.66603416,0.12835294,0.0805559986722925
0.6317611,0.5824549,0.068276582125077
0.092996866,0.24739608,0.1959654839164834
0.07675606,0.6875451,0.1699214287148554
0.55654454,0.48766667,0.1560160289290598
0.5362307,0.34838432,0.1223165566513121
0.121644534,0.47200784,0.2434468500079497
0.04556398,0.29310197,0.1125907581957163
0.041132685,0.30058432,0.111246404839325
0.3001786,0.10247059,0.2310520759531944
0.05828856,0.87670195,0.1420673908689811
0.02129617,0.30658433,0.0564514873294735
0.008300733,0.4920549,0.0345256226899108
0.07208685,0.10727059,0.1173901660256413
0.7259376,0.11007843,0.1177367980846433
0.7317554,0.15351765,0.0927300828766246
0.14372234,0.50223136,0.2124591555389717
0.07273757,0.23448628,0.1723266045585382
0.38991633,0.24904314,0.1578043043503616
0.15874997,0.36346275,0.2221565650108821
0.26696393,0.039380394,0.2499809089387309
0.6489192,0.4539098,0.0703679215038219
0.8090837,0.35237256,0.0775882295873457
0.83794594,0.22473334,0.103556255416181
0.012371991,0.3064549,0.0407405832693989
0.06858183,0.28998825,0.143946489236449
0.81856036,0.6920314,0.1201971049525749
0.8293625,0.59377253,0.0968973984097623
0.55775195,0.11358039,0.1545135849690633
0.0147824,0.2691451,0.0407004433395844
0.1284016,0.31285098,0.2282333213938264
0.07870631,0.73575294,0.1843723541347006
0.6322198,0.2687647,0.0603092076514895
0.67386264,0.12181569,0.0792193528073574
0.5366988,0.40369803,0.1116834787489504
0.05800842,0.40693724,0.1495601833716512
0.71358925,0.17832941,0.0958761263811496
0.06363289,0.09773333,0.1425718282499287
0.30678084,0.26385882,0.2420220427564526
0.018609462,0.3139059,0.05450143755053
0.68978876,0.6244431,0.0864730381842244
0.10590573,0.06482353,0.1941591837865816
0.01811511,0.4690863,0.051856614272346
0.15259749,0.2544,0.233846972487239
0.023776758,0.75682354,0.0790649549861957
0.11047723,0.48095685,0.2241284818455545
0.09927534,0.18019608,0.183887085284573
0.034174014,0.45170197,0.0903746821097504
0.616057,0.7249843,0.0566811468688515
0.0055681444,0.34903923,0.0206887197640674
0.11639407,0.27963138,0.1934305234924717
0.0869979,0.30869803,0.1702495822448301
0.4021319,0.12120392,0.2871258245649082
0.7611891,0.5912471,0.1043937542297459
0.040620342,0.28675294,0.1105448023911192
0.24478583,0.28561178,0.3175394949296601
0.09484064,0.29708627,0.2020044709566521
0.015498323,0.26719216,0.0549179552598782
0.11325964,0.4296745,0.2019883946876793
0.030870182,0.7873098,0.0734821935027994
0.6669476,0.19007058,0.088742498879448
0.02471367,0.1782,0.0842465569599151
0.018619463,0.45759216,0.0611507108308145
0.7994421,0.6803608,0.1005898428636196
0.3986851,0.13399215,0.1544758803987211
0.67343,0.1726,0.0662291397805723
0.12061048,0.41344315,0.1872616147073031
0.010771774,0.19302353,0.03420576945765
0.06433579,0.24667843,0.1416432454797011
0.6478264,0.38455686,0.0735328953904121
0.102202,0.32422745,0.1894479232514442
0.8941159,0.22653334,0.0750455247825512
0.1361462,0.3850353,0.2265292317448933
0.5801232,0.5321569,0.1359342470959195
0.33692783,0.18609804,0.2074144530439829
0.09591948,0.6916588,0.158022951249227
0.14939898,0.20280784,0.1808356800538036
0.6380651,0.3140588,0.0717894688200868
0.1492736,0.4852549,0.2241797178311411
0.053759146,0.20765097,0.1234482310252181
0.07744512,0.27930197,0.1593959206575262
0.0148202535,0.32309803,0.0425458988264583
0.08904276,0.24034509,0.1655114137245589
0.83666915,0.5612431,0.0900534819763034
0.18982711,0.39897648,0.2178839939957399
0.12189255,0.6152,0.2093962126407759
0.86044693,0.50588626,0.0696832773534268
0.01132139,0.24159607,0.0349300510473503
0.16361654,0.6705608,0.2191812170369856
0.63008064,0.42791766,0.0699607128964863
0.10981724,0.71688235,0.2055296443976358
0.11962347,0.48538432,0.1972743937082996
0.013321497,0.051764704,0.0402340411012142
0.31337705,0.24328628,0.2527855186256729
0.3493673,0.1440196,0.248100564305835
0.6357669,0.36723137,0.0692052776859708
0.6270731,0.05610196,0.0714409569489435
0.012711175,0.10383529,0.039463952691253
0.03996365,0.4502353,0.1110160464609478
0.5986723,0.6679569,0.2396703751673829
0.036241468,0.35039607,0.0901585914407323
0.01618773,0.051690195,0.0453701220100504
0.0053922925,0.24288236,0.0196603767244969
0.39456493,0.31310588,0.1589618295550631
0.25392628,0.2553059,0.3223848748759609
0.03758358,0.21370588,0.09408931118549
0.94375265,0.21175687,0.0718767883939763
0.03233664,0.07275294,0.0897726378206152
0.01073836,0.18861176,0.037216476170599
0.8376633,0.13031372,0.115314179023594
0.8693136,0.6365765,0.0988823299452135
0.63592964,0.3819804,0.0653865209750184
0.32321498,0.12031373,0.2528026145070458
0.14839406,0.13377647,0.2215536275609663
0.4775194,0.34895685,0.1421221950807383
0.21918163,0.48872158,0.3127178114934871
0.7240811,0.13329412,0.0948571606258508
0.16145009,0.021317648,0.2107870575978252
0.78165364,0.38651764,0.0887643589634994
0.07614091,0.04216863,0.1599455020377745
0.12787558,0.66842747,0.2174747245347675
0.78958106,0.43,0.1222917857668008
0.15926456,0.799349,0.2293213274037966
0.039337654,0.03629804,0.0879461273658981
0.56020147,0.37940785,0.16196713968332
0.060001437,0.66466665,0.1321310862060102
0.6595682,0.13220784,0.0908319611949923
0.044988696,0.36932942,0.1204807362479926
0.05260783,0.69934905,0.1216962761725563
0.010937564,0.30120784,0.0415381190259554
0.12937732,0.47130197,0.228497883483824
0.59429204,0.04577647,0.2094430454887512
0.17490269,0.03732549,0.1951053618778607
0.023554059,0.39251766,0.0694561128238673
0.01082542,0.34348235,0.0343612477841205
0.022264164,0.3277255,0.0592175066552176
0.090044305,0.7202549,0.2040986900944188
0.070498735,0.010349019,0.1455211365805205
0.10260582,0.062235296,0.2075572635110519
0.104902126,0.35397255,0.1864932080425323
0.10142118,0.1877451,0.1859598639755698
0.39057592,0.18778431,0.1456381442911902
0.08036112,0.8396039,0.1717579638742151
0.010706189,0.28863528,0.0329844716024296
0.04497073,0.29847842,0.118608025669747
0.0966869,0.15747058,0.1889201097186955
0.0055226726,0.32409805,0.0195676265776608
0.14223295,0.09602353,0.2068724918638596
0.3937421,0.23695686,0.144982835891583
0.10222112,0.011050981,0.1953992348062772
0.22673927,0.18311764,0.345146586762465
0.097301304,0.2848549,0.1877632847991449
0.034955934,0.7448588,0.1024632282424186
0.01574916,0.27984315,0.0446407154144214
0.63997036,0.5619686,0.07495504747476
0.14934745,0.2386,0.2689101026624779
0.63878727,0.583549,0.0788714228828602
0.101447485,0.5155255,0.1833675129428433
0.62366384,0.58018434,0.0638291861080748
0.041510873,0.48464313,0.1020670353860904
0.9462909,0.21436079,0.0764173943468169
0.3494984,0.19914901,0.168224547524326
0.10727667,0.19013333,0.1646445397208313
0.084445275,0.24008627,0.1565508560920482
0.007051785,0.34172156,0.0211402668635019
0.009829539,0.16007058,0.0349140245916938
0.102611266,0.3814196,0.2172623877927789
0.77602124,0.45780784,0.0998538572228633
0.501071,0.56264704,0.0949055448281141
0.30742675,0.32215688,0.2429458652396053
0.3521813,0.09732157,0.1794197702675078
0.09982828,0.06696078,0.1994964571064876
0.13447879,0.3517098,0.200474944638219
0.010624067,0.26671374,0.0359065035176807
0.009136925,0.16213334,0.0316373325232527
0.50687623,0.36799216,0.1013687197514701
0.012625286,0.12713726,0.0455393171050053
0.6418544,0.66972154,0.0737800572594438
0.15675968,0.2920549,0.1950291159672174
0.76052827,0.43535295,0.0956361646755197
0.121133424,0.6138471,0.1771264391259576
0.0049187033,0.32999215,0.017102813721604
0.13970189,0.17163137,0.2313775939253183
0.026308317,0.5438471,0.0746879756830882
0.12766035,0.55452156,0.2605179953894171
0.061512675,0.76401174,0.1287364325547861
0.6650093,0.35779217,0.0817651811057271
0.12456822,0.5713255,0.2049257537497225
0.14687397,0.4900863,0.231562355470474
0.121494055,0.2553804,0.1990807634881789
0.17921272,0.3925294,0.2352756971355378
0.1395261,0.17285098,0.2037536180873392
0.18277675,0.037058823,0.2097401582514914
0.7338718,0.15268627,0.0979061502637961
0.04273425,0.5420157,0.115025178321335
0.10963523,0.2548941,0.1958876494884681
0.8567393,0.55840784,0.0789710519201769
0.2045335,0.4122196,0.2937098974117184
0.01868174,0.30774117,0.0535893971279241
0.0912775,0.33078432,0.2071736522790961
0.009408327,0.33740786,0.034490230517327
0.055324882,0.47569412,0.1378881322291242
0.119690284,0.09270588,0.2251616209890297
0.15662056,0.28843138,0.2526422298907178
0.36110127,0.61715686,0.2729956575723894
0.013115946,0.27789804,0.0387167625637752
0.060597144,0.118913725,0.1459549125996041
0.64251083,0.2841098,0.0807501064054518
0.021904772,0.22571373,0.0565564185147519
0.040246043,0.4668,0.1006664342463409
0.13133027,0.582149,0.2002938270895741
0.31765544,0.41908234,0.2101689257711294
0.38705686,0.20724314,0.1546895030465863
0.14057358,0.37227452,0.1923542239454066
0.08703214,0.33420783,0.1760076673425676
0.10282323,0.8240745,0.2159371015808219
0.034395706,0.082372546,0.0940185733614944
0.13209645,0.24564706,0.235501605060913
0.93206495,0.60340786,0.0780009446136049
0.11527331,0.47908628,0.2376130757767029
0.40164024,0.5381961,0.3911397796205595
0.046993736,0.18297255,0.1035298305133644
0.24647091,0.026803922,0.2704491552305537
0.10478145,0.72529805,0.1852631953892465
0.17036602,0.33685097,0.2280717841207107
0.046136923,0.24260785,0.1008895890248695
0.16288008,0.4826902,0.1996526227117225
0.011569699,0.4356353,0.0435840526858215
0.16782714,0.28003138,0.2125259786902453
0.026445903,0.49177256,0.0890333601059102
0.015725534,0.31712157,0.0447651925532618
0.037231322,0.3024196,0.0881037374188089
0.117076494,0.7411647,0.2145891261098103
0.5030976,0.369749,0.1089102415454763
0.63210785,0.38125098,0.0598309901426517
0.10178197,0.01445098,0.1547902894617713
0.34942997,0.34949413,0.3541427506049968
0.16986239,0.015141176,0.242630493450031
0.22999874,0.26138824,0.3122582964571772
0.34362045,0.10260392,0.2204856958701867
0.028311303,0.083341174,0.0710731180078591
0.62221736,0.70540786,0.0625100442853867
0.11892258,0.13751373,0.2206938727547814
0.33154008,0.17227843,0.2273643223706564
0.03676118,0.38038433,0.0915154793693546
0.02667701,0.4790745,0.0627264305262018
0.029944213,0.59580785,0.0744669496050985
0.632435,0.49199608,0.0460300227418479
0.09670645,0.1898549,0.1966078207335807
0.630172,0.48631763,0.0698536603877819
0.63659036,0.37887844,0.081841615803897
0.53880996,0.42702353,0.1055864735271105
0.1683119,0.39453724,0.2429100485501953
0.8555189,0.22851373,0.0978998578128296
0.10471214,0.2823294,0.1984734671432543
0.107896596,0.43207452,0.1939120274891818
0.16540055,0.21820784,0.1818003760020107
0.91892815,0.25541177,0.0796194712719593
0.011583228,0.3193098,0.0314416586197885
0.071225345,0.9081137,0.143164990071869
0.10598291,0.27345097,0.2034600231750053
0.031148996,0.7750706,0.086310921556696
0.08142195,0.36271372,0.1722932243284186
0.099422015,0.14856471,0.1896490182414505
0.0062345653,0.06327059,0.0230074810944321
0.03994161,0.3766745,0.0845169959007342
0.79273105,0.41505098,0.0910906022468798
0.7113201,0.16388236,0.1116330792173245
0.03839953,0.07743529,0.1018907230634421
0.14383297,0.4887412,0.207588283985005
0.09090108,0.35545883,0.1964678624640793
0.8272223,0.5138588,0.091530786924469
0.009910069,0.4538196,0.0332486369266816
0.030020168,0.11051764,0.0840787420518828
0.39146027,0.110407844,0.1682206402555802
0.4728452,0.57033336,0.1644425234413266
0.016298782,0.28189805,0.0460122939483523
0.033556532,0.39843136,0.0851075449597655
0.6430136,0.4970588,0.0663572079801557
0.11689367,0.69511765,0.1956859488205675
0.016450223,0.43486667,0.0514735670879947
0.66057795,0.27912158,0.0673712899479177
0.15004027,0.38273335,0.2098633094469216
0.03615729,0.2517647,0.089702790336083
0.39732084,0.11147451,0.1794296079862269
0.8122948,0.4007451,0.0723290650014638
0.030415595,0.0046509802,0.076345078089156
0.1619824,0.35044706,0.2391369036399427
0.038449053,0.8195843,0.1078061619997716
0.034049127,0.029556863,0.0911436168151951
0.63465947,0.52668625,0.0573172716062662
0.63374007,0.2612157,0.0658310654534315
0.048050273,0.3662706,0.1161852729465472
0.3847215,0.11345098,0.1708231404603303
0.024822544,0.41062745,0.072671708280972
0.16290897,0.21189019,0.2023509872342183
0.108303145,0.25362352,0.1690596932697458
0.6270586,0.350349,0.0558410384213772
0.05817652,0.3405843,0.1284770567176625
0.019192422,0.39654118,0.0503089570027326
0.016545195,0.26502353,0.0524694750264094
0.049475502,0.39526665,0.1097960407915441
0.033592194,0.48504707,0.0928064397772859
0.07129074,0.557902,0.1509968586651924
0.57337964,0.15880392,0.1556076113143131
0.52062625,0.36226666,0.0996133834487364
0.14452998,0.536851,0.2350417763894972
0.013883334,0.24209803,0.0429167173331125
0.039102342,0.8535412,0.118188827356604
0.06468894,0.41079608,0.1379729417682553
0.1503013,0.22381176,0.207814916738024
0.010442104,0.3213451,0.0365943451087929
0.29971856,0.07774902,0.2784607632184578
0.04356766,0.41963136,0.1013618716138537
0.08623049,0.022188235,0.1665679244840328
0.012242815,0.3183098,0.0421378570530055
0.17849752,0.23663922,0.242591720135659
0.5744887,0.018894117,0.1691747875560791
0.8212954,0.5273137,0.0831673370384018
0.037132267,0.33143923,0.0873975052236339
0.65045416,0.28575686,0.07419706196865
0.31856126,0.3836549,0.2986118126284468
0.024523478,0.2279647,0.0848055264578276
0.9420645,0.32228628,0.0666092926703409
0.027979784,0.75545883,0.0902101939873039
0.5097266,0.3166902,0.0894974181940145
0.33887345,0.12241961,0.2254408966224961
0.025186474,0.058929414,0.0613599060821162
0.07718259,0.32447842,0.1680027093692268
0.101515934,0.20466274,0.2099991945324927
0.11737915,0.7524588,0.2151816379566301
0.52823484,0.5089333,0.0780320903441665
0.02206879,0.83176076,0.0553069233178277
0.60677093,0.57677644,0.059116182795514
0.3956247,0.20496471,0.1785878760813826
0.09833875,0.7334314,0.1722553888473663
0.6148558,0.8373882,0.0547289440866778
0.49222225,0.46422744,0.1488444829956514
0.7823547,0.37736863,0.0882152381023062
0.23318039,0.24301176,0.2848487556263611
0.07317597,0.7676275,0.1653392793909808
0.6372856,0.30704314,0.0736402189036817
0.009563999,0.23046666,0.0304316796310557
0.032007452,0.060239214,0.0876533365347065
0.8305793,0.18895686,0.0988583303005434
0.0906912,0.33855295,0.1896202591305405
0.07128438,0.28037256,0.1540500656538143
0.88982856,0.4414941,0.0822435905019123
0.2075824,0.029415686,0.2922668507562773
0.015087377,0.37140393,0.0438418784290337
0.14915712,0.4887412,0.217871711642378
0.13273644,0.09832941,0.2233943124687507
0.13886671,0.01677647,0.2240843781731131
0.6621195,0.3845294,0.076309049042601
0.6050903,0.053537253,0.0659664878611168
0.026100127,0.10646275,0.0665547088792347
0.02765167,0.009239215,0.0974023206937874
0.015476856,0.2962,0.0486122425170285
0.08643367,0.32525882,0.1845213631023882
0.64407575,0.36085883,0.0673334177730686
0.017108329,0.4991647,0.0523284320200277
0.6161711,0.07223921,0.0654757242672394
0.3221102,0.120105885,0.2601198034732375
0.11348753,0.40329018,0.1924689552251934
0.55647254,0.5357686,0.1112978030478601
0.043900844,0.12357255,0.1074558070023803
0.016160037,0.30902353,0.039325965379183
0.023226297,0.34752548,0.0746600417832253
0.030911868,0.61367846,0.0822934698740257
0.097839504,0.20236863,0.2010263992933069
0.11833188,0.21156862,0.2403522946601486
0.013097445,0.3133804,0.0395454937312697
0.086276405,0.0044980394,0.173207690016617
0.29388404,0.63431764,0.359966515703181
0.57507265,0.027250981,0.1531703864508327
0.09013251,0.65037256,0.1911373613172894
0.6316197,0.34982353,0.0731492042739965
0.058937784,0.3998353,0.1180673217521295
0.07911632,0.21117647,0.1744446736954985
0.043542918,0.2469451,0.1034787867893058
0.035378356,0.2270353,0.0969510444754041
0.012908659,0.4125843,0.0372541649363479
0.09250713,0.22968628,0.1921711494676642
0.055240642,0.47961175,0.1271044283979121
0.034146756,0.069949016,0.076247927844806
0.833249,0.48123136,0.080230124753049
0.55140764,0.5621686,0.1365538544935251
0.048427805,0.74530196,0.1100813812617116
0.021748764,0.25427842,0.058844961247585
0.3999765,0.26692548,0.1872952434485625
0.788715,0.45017254,0.0970547394996037
0.565997,0.13324314,0.1384929364070952
0.12037672,0.4089843,0.2263262005714549
0.19065106,0.14875686,0.2179170977678566
0.40168026,0.27459607,0.2602758387800383
0.06499884,0.26839215,0.1513565877674323
0.4452401,0.31288236,0.2005304782123895
0.01346049,0.15471372,0.0493901938223058
0.014563319,0.26873332,0.045654430921354
0.6332647,0.8845098,0.0770740521406159
0.17353457,0.24528627,0.2170833473945375
0.045250077,0.40037253,0.1156292475878721
0.010263229,0.110529415,0.0379917587433149
0.39878094,0.24333334,0.1662219142311067
0.3988878,0.120611764,0.1745540447049873
0.16569234,0.36638433,0.2267958690263642
0.34652317,0.119419605,0.2189518842469242
0.64559144,0.45230195,0.0613954167711707
0.06876359,0.6826078,0.1448110468060815
0.6788507,0.6044863,0.0626017408196097
0.16365467,0.24530196,0.1890359034170836
0.043540627,0.53437257,0.1092078420125283
0.5238113,0.21170196,0.1012821420781868
0.3491786,0.40785098,0.1960697424978494
0.33710992,0.1639804,0.2496832989801565
0.8538337,0.25197646,0.100478210402447
0.64615923,0.2507294,0.0590315038531956
0.53157705,0.49945492,0.0817569125755835
0.026989264,0.31940785,0.0717916847841584
0.058300346,0.5614863,0.1509519757462866
0.95310265,0.22814903,0.0486825492061713
0.06256243,0.19823137,0.1426014530657718
0.017660843,0.2863647,0.0549255179936191
0.7211885,0.58883137,0.1008329025793344
0.96842706,0.71261567,0.0407575755990543
0.2022847,0.46990195,0.2690104457698691
0.031917043,0.5839726,0.0882151805695537
0.029971205,0.08527451,0.0902025155227596
0.024389854,0.36925098,0.0676620345491404
0.102594964,0.36957648,0.2156101448360844
0.0194245,0.3656902,0.0622443583119538
0.13137989,0.46237648,0.2222804410339562
0.03783602,0.026882352,0.0932504586282581
0.050776936,0.0649098,0.1102823539780432
0.5288628,0.2575843,0.0688160803161948
0.0096143,0.18689804,0.0302370266181956
0.8465961,0.57311374,0.1138488685692455
0.11164117,0.13348235,0.1806639356187994
0.009180348,0.36760393,0.0300276023923038
0.03075976,0.036439214,0.0953352455728809
0.33865425,0.17136079,0.2600062650717233
0.20178242,0.39897648,0.2962275567761788
0.2596551,0.41931373,0.2780718445621071
0.5500794,0.21825098,0.1376704100419952
0.09338262,0.43300393,0.2056705256578145
0.122442916,0.3270706,0.185230329916629
0.009782371,0.291,0.0339496810388564
0.30800226,0.13483922,0.256352045718032
0.04813341,0.2164196,0.1253922077006794
0.79006803,0.35518822,0.1051313887193319
0.09877693,0.72182745,0.1989480805896992
0.84464324,0.63497645,0.1093227508566043
0.3966345,0.11290196,0.251893763564977
0.63765347,0.43840784,0.07503892766678
0.25121617,0.29389805,0.2763328950072524
0.051333535,0.24282353,0.1128887084622025
0.6464737,0.07536863,0.0756959967780832
0.81352514,0.55067843,0.1194075571396675
0.8437282,0.13334118,0.0980938425073703
0.024644885,0.48756862,0.0680029328020696
0.017229049,0.4163647,0.0465485034352119
0.13007247,0.07081176,0.2185164110795533
0.12379162,0.6257137,0.2259624562440025
0.14595637,0.60440785,0.217445751287306
0.13655502,0.25482744,0.2194396230565835
0.7743285,0.3887686,0.1067010585730219
0.33868653,0.17085883,0.2175443570669095
0.008450893,0.20277648,0.0296002317243017
0.8249664,0.5888,0.1039421040551342
0.5236749,0.6453922,0.1170009092736616
0.09705141,0.008011765,0.2030724955658541
0.15620378,0.12571372,0.2177326936719499
0.1290461,0.75044316,0.1822495209125393
0.30483758,0.23311372,0.2672619493285969
0.25526965,0.42093334,0.276433421824497
0.12288131,0.22930588,0.1899434074854489
0.08421427,0.20354901,0.17872985857184
0.7858918,0.2164196,0.0930018976030715
0.026261782,0.18117647,0.0704062206321812
0.6324063,0.63306665,0.0576952687741283
0.40642917,0.26943138,0.270057599733474
0.95829725,0.31917256,0.0493393050242247
0.04486551,0.09039608,0.1031839110083832
0.062701225,0.29769805,0.1516094873443058
0.0756661,0.1766353,0.179268768344782
0.13915318,0.20672157,0.2330922779728261
0.01967995,0.26256078,0.050789232754636
0.0995891,0.14856471,0.1525541167473931
0.006549291,0.21221176,0.0209833389108129
0.010985893,0.29596472,0.0350957803063745
0.1186577,0.4074,0.2104406694172415
0.096741304,0.27708235,0.2022112127530243
0.0141532365,0.17646274,0.0380007098870721
0.117952734,0.4290353,0.2306435123175984
0.13896556,0.28811765,0.2011332470051485
0.05175786,0.28703138,0.10738374971734
0.3025462,0.32823136,0.2496216804668946
0.09464849,0.1868902,0.1456236722663514
0.011503005,0.21550196,0.036377934480089
0.832505,0.22974117,0.098100135487023
0.23939134,0.24301176,0.2819929720992443
0.032590684,0.3316902,0.0851223937264388
0.11458645,0.049937256,0.1950939532893297
0.11512614,0.7141882,0.211203515760361
0.08708763,0.2104745,0.1907344582207537
0.059119903,0.8820157,0.1455991289017943
0.66496384,0.18829805,0.0854647243346868
0.030109517,0.8119765,0.075256642974528
0.62795293,0.0524,0.0642889410743077
0.13397066,0.36192158,0.197222355055131
0.44809863,0.30359608,0.2325372664623694
0.61801994,0.62261176,0.0622805889988566
0.116842054,0.33661568,0.20134697186862
0.14952475,0.17488627,0.2106323615061697
0.2517909,0.028839216,0.2891366353405246
0.02832823,0.08917255,0.09096878817768
0.9388777,0.60689414,0.0715074368464747
0.848887,0.5731843,0.0852675084307086
0.65222764,0.32777646,0.0805795789221646
0.10160759,0.20977648,0.2118089750290224
0.0523248,0.20664313,0.1327461696478914
0.034031358,0.099262744,0.0771488176346203
0.08926896,0.13382745,0.1859581825613599
0.105851844,0.77347845,0.2019574951859314
0.05771909,0.18175294,0.115731330762032
0.013103064,0.50185883,0.046552839046509
0.09733475,0.14502352,0.2026994346303465
0.13088982,0.457749,0.2043897387425383
0.16428666,0.25204313,0.1910784180716641
0.13047013,0.22402745,0.2341173133400955
0.029517848,0.8998549,0.0838141953064961
0.04923405,0.4191255,0.1070420432682323
0.80217123,0.6089647,0.0944456833768117
0.046023473,0.2074196,0.104820682242007
0.0068470794,0.18388627,0.0223086340424733
0.6641721,0.12116863,0.082956745389729
0.033761106,0.41948628,0.0912377959424141
0.07170733,0.08477255,0.1538560681791664
0.011259088,0.29313335,0.0363375466001896
0.6514141,0.3353843,0.0791273824158893
0.011909777,0.27187058,0.0352703091901188
0.0113991825,0.4141608,0.0384643892038087
0.03988903,0.32450196,0.1045774149252666
0.027444663,0.1098,0.0748677651521555
0.7692864,0.4028549,0.0901205998848548
0.08064545,0.24472941,0.1639400761446119
0.053684764,0.62594116,0.11730086571768
0.024091119,0.8108078,0.0579527182766972
0.10097373,0.49057648,0.1811323629304831
0.012727553,0.17026667,0.042654049594004
0.102502994,0.27940392,0.1788244124210742
0.46389237,0.5988941,0.1984835928394567
0.012523842,0.30286273,0.0369886913043616
0.7195386,0.21934117,0.102351629280083
0.030647008,0.78299606,0.0989641481972102
0.05882694,0.6804941,0.1572028960634243
0.8110122,0.31318823,0.0947885148906713
0.17598549,0.256851,0.1963891408556853
0.08873748,0.11857255,0.191287832649411
0.06269932,0.57615685,0.1423716348882963
0.6334216,0.05567059,0.0649734929012249
0.10180086,0.71327454,0.2109052084609418
0.14517048,0.13961568,0.2608600874169491
0.04212089,0.20912549,0.109962672341754
0.12888561,0.44069412,0.219237922388683
0.88060486,0.24241568,0.0959013225711522
0.030366711,0.41870195,0.0734349816462981
0.62434405,0.61710197,0.058464034556583
0.4176264,0.41398433,0.2790070066470823
0.11272689,0.14781961,0.235658174708942
0.6787907,0.32713726,0.0796670466440889
0.7796204,0.41018823,0.0921392986293461
0.3165232,0.40037647,0.1975297080063061
0.6561759,0.43592942,0.0727582587932662
0.022992918,0.09944706,0.0694145540947429
0.032533705,0.19874118,0.0866087812922122
0.14240311,0.7839647,0.2452537439845053
0.12082992,0.1740353,0.1950069938303619
0.5181919,0.006047059,0.1033632489396993
0.35578582,0.081682354,0.2493443402552438
0.100150034,0.10669412,0.1634447613165243
0.65171087,0.3122902,0.0620449833350309
0.014991652,0.5307843,0.0487745578316128
0.91376907,0.37524313,0.0713622453904427
0.30411574,0.4198902,0.3217439563528348
0.6312424,0.32870588,0.0557242297483175
0.6569874,0.18480392,0.075251569259535
0.6720748,0.17182353,0.0734765949051139
0.14262497,0.10706274,0.2228999402990762
0.627676,0.5674784,0.0525934281110882
0.8246634,0.5698549,0.1009715618902495
0.83503777,0.56249803,0.0939916243800831
0.022680731,0.18907058,0.0666711363110082
0.03666813,0.50590193,0.0907938474181086
0.09261489,0.22546667,0.1888398306680502
0.09880969,0.22780785,0.219096937507723
0.35106412,0.108419605,0.2324433038794445
0.071873166,0.21345882,0.1769188470338954
0.08165537,0.5767294,0.1890918701942001
0.08764273,0.106929414,0.1805549998236908
0.6622183,0.16578431,0.0739782043869679
0.13841154,0.3482706,0.2364494909652708
0.14652048,0.18960392,0.1987953501919891
0.027090631,0.7515137,0.0800611493961836
0.3855783,0.11379608,0.1616202138187831
0.33607563,0.7616235,0.2566032616020818
0.0145467445,0.2371804,0.0470806829389835
0.08422032,0.30083922,0.1668572895802534
0.15427448,0.5748627,0.2022481709293984
0.5391458,0.48538432,0.1207719077727478
0.079042606,0.7662706,0.1503110134892424
0.15570164,0.86513335,0.2225573946979195
0.1516783,0.63751763,0.2199420576926523
0.8776333,0.6971725,0.0987953578758742
0.107619286,0.44163138,0.1703586241240702
0.023445446,0.17651373,0.0658191356628804
0.7237172,0.18078431,0.0988775047959684
0.09160976,0.3796196,0.1865012660320504
0.014286015,0.5453451,0.0450111535006682
0.13496266,0.0999451,0.2068576080742966
0.023806818,0.30710587,0.0673165285396814
0.081836075,0.37433726,0.1448816969877158
0.0509979,0.10647451,0.1276316430784809
0.653156,0.3567098,0.0815414340311486
0.028213229,0.05825098,0.0784212356272089
0.64304817,0.49965099,0.0765266571506027
0.094316825,0.19153333,0.1953470403202505
0.03739154,0.20795687,0.1003454272673031
0.029088452,0.01942745,0.0772835377917028
0.010988956,0.33798432,0.037743570583227
0.2663948,0.13454902,0.3097185085480403
0.03710483,0.21099608,0.090126011862658
0.6276067,0.7133059,0.0541690714759361
0.12181445,0.2492902,0.2380184846563691
0.027435753,0.59055686,0.0684383442945525
0.8027351,0.45627058,0.0851784688964201
0.78077227,0.35707843,0.0873747017528867
0.016946059,0.31305882,0.0499661701200515
0.6424402,0.6377843,0.0709351483226654
0.053173877,0.43468234,0.1260942784134171
0.7831497,0.5505059,0.1509494687749355
0.6224754,0.398051,0.0757661384649757
0.6718978,0.56347454,0.0735721710836421
0.16155605,0.38461176,0.2251701898418602
0.10337696,0.20720392,0.1647706696600032
0.030469999,0.7847843,0.086418476735427
0.050259545,0.19610196,0.1103175025661349
0.27115545,0.16171765,0.2691841105884899
0.05924989,0.10593333,0.1299660359382319
0.050324548,0.25929803,0.1072795333166226
0.6342721,0.32878038,0.0727317031985337
0.10888805,0.42705098,0.2119505549033575
0.022853551,0.104811765,0.0574433190780897
0.037793446,0.39730197,0.109944279038587
0.11962353,0.006247059,0.2084751155718024
0.15952091,0.4782196,0.2508737497312337
0.044649374,0.14214118,0.1235796292119214
0.65670913,0.2797647,0.0677309215642825
0.15428147,0.7408902,0.2221560685535918
0.20394212,0.8412196,0.3398438666996738
0.40510097,0.17920393,0.2775529950431046
0.65785766,0.17645882,0.0707540773354431
0.0069743954,0.35107058,0.0269160992833759
0.52269423,0.30181962,0.0994412011392715
0.71676093,0.20808235,0.0929686581799515
0.15017314,0.36384705,0.2292130103522003
0.1387533,0.6163725,0.1756339594324393
0.8953831,0.23127058,0.0916908822450977
0.1576836,0.82612157,0.2313100955921299
0.13119358,0.62070197,0.2199518577595627
0.13818617,0.5028392,0.2107604375579197
0.46386355,0.26815686,0.1880090520983659
0.01919483,0.10605882,0.0603869736525595
0.5319174,0.47241962,0.0887436765004983
0.19668345,0.04207451,0.2612881031052029
0.06603233,0.61502355,0.1735979289479681
0.012045366,0.4373451,0.0320888014290164
0.65629274,0.037078433,0.0591493309328854
0.19388255,0.39552158,0.209671587570556
0.043311182,0.21463138,0.0982844935029676
0.021255527,0.2040902,0.0573888999433624
0.62452185,0.42538038,0.0566848268255819
0.048230413,0.6185333,0.1069637976927668
0.3395315,0.15323137,0.1913234731419338
0.3533188,0.1753098,0.1508719118087695
0.49603516,0.42521176,0.1254896758975617
0.02313568,0.097560786,0.0582183134998881
0.28778306,0.3196902,0.2668916060048918
0.8297339,0.5080157,0.0893400999984124
0.03982386,0.26297256,0.0892013879074327
0.026973324,0.21516863,0.0693672318860276
0.25892922,0.60774904,0.2802991774204123
0.059857436,0.32165098,0.1368680745595532
0.47592574,0.33997256,0.1880076264858681
0.32118133,0.20455295,0.2140055728471334
0.64047235,0.075670585,0.0748341223849853
0.16839595,0.33490196,0.2657466271629976
0.008834458,0.15022746,0.0265072493000747
0.06098996,0.6861294,0.1382203677905339
0.10319753,0.25424707,0.1669072232545112
0.33331445,0.17166667,0.2129820328192272
0.37208706,0.2696549,0.2207626314455919
0.01321979,0.13484706,0.0401851775116504
0.12406432,0.52849805,0.2031054235908401
0.20313704,0.029513726,0.2740442344679866
0.12575278,0.4565294,0.2325993058127103
0.20605046,0.7502588,0.378696786096115
0.01702525,0.29096863,0.0460387735521288
0.018797107,0.26093334,0.0504186150249267
0.15652618,0.74359214,0.2286820095636481
0.072668195,0.2086,0.1575318446231477
0.120624915,0.3368745,0.1796184660694615
0.91831666,0.30095294,0.0944117300606843
0.31218144,0.06067059,0.2682216074092428
0.61940515,0.5038431,0.0513073374346642
0.32250005,0.33135295,0.2199028047136435
0.11679537,0.34341177,0.1869608608808431
0.54707605,0.36116862,0.0956691775569132
0.5395608,0.47440785,0.0883758820533098
0.6575816,0.31264704,0.0641917788059018
0.27420455,0.18092941,0.2615161525769698
0.8155749,0.73028237,0.1131885533012275
0.047252916,0.2604196,0.1149823351632418
0.6454103,0.22796863,0.0796412755362563
0.0658194,0.36915293,0.1551471439317394
0.02770251,0.9166745,0.0842678954934917
0.020565502,0.19915295,0.0670030098343135
0.14663094,0.19463137,0.2299445203111565
0.5171987,0.31840783,0.1062477834845945
0.026806457,0.26350197,0.0717758661583216
0.10912004,0.3908549,0.1987731684802587
0.39709994,0.109105885,0.150868383886504
0.025435347,0.6680745,0.0741326837385742
0.08699831,0.25852942,0.1874104161355432
0.8955215,0.35703138,0.0854552427737402
0.023637006,0.67543924,0.0654036003831583
0.79050505,0.24134117,0.095960035099966
0.103282556,0.09868628,0.2103462713794915
0.7511683,0.43212157,0.0985704994135305
0.09072628,0.2984549,0.1939684756708727
0.007157179,0.35896862,0.031590245108637
0.114593245,0.7974157,0.2147324632586639
0.102446966,0.27870196,0.187197889449521
0.8920567,0.31613332,0.0800808250097078
0.40284386,0.19525883,0.2584935063549244
0.048442487,0.025792157,0.1240141192807724
0.024079198,0.0832549,0.0604857267090549
0.0105660185,0.26028237,0.0372648382342001
0.017002657,0.3379804,0.0546428939904096
0.45559528,0.3162196,0.1571495085344688
0.14610343,0.42610195,0.2628506428515275
0.5252685,0.67729414,0.0776405786833429
0.18198682,0.23788235,0.2158060422197782
0.0342542,0.3718039,0.1010717264124304
0.72679865,0.11182353,0.0927608005309461
0.22031935,0.81570196,0.315126421389782
0.6106887,0.5671412,0.0594641184253705
0.16622722,0.6568235,0.21654513804613
0.034159675,0.25249413,0.0758322105849393
0.122356355,0.6461725,0.2633134528519134
0.026704442,0.49360391,0.0677306448032789
0.5018779,0.31249413,0.0999968279531236
0.8801054,0.3474157,0.0872357617050991
0.6376358,0.56897646,0.0651640576062762
0.21122782,0.032011766,0.308148304952447
0.034708444,0.56445885,0.0890311631177565
0.04346659,0.19298823,0.0997102761339543
0.13690206,0.28155294,0.2279136624737522
0.07524759,0.3673843,0.1377655874092501
0.17245382,0.47670197,0.2721703674752739
0.08451393,0.14131373,0.1647709675343774
0.8940487,0.2258549,0.0640843211731532
0.39870673,0.24293725,0.1464431807465196
0.27967066,0.7678235,0.3002929497797239
0.02785363,0.3249647,0.0733733372417476
0.012594696,0.27547452,0.0478605346514387
0.11213487,0.27883923,0.1818911879695511
0.64711714,0.47472158,0.0773037784317116
0.023267033,0.43017647,0.07755699090117
0.09337223,0.26197648,0.2076136156619537
0.07752258,0.30398825,0.1767347736877679
0.1308571,0.38110197,0.2096433887964673
0.024598934,0.76926666,0.0711389056544572
0.05583286,0.31845883,0.1283106349871099
0.18175662,0.3332549,0.2290669029716669
0.05324313,0.3988353,0.130100234177957
0.8233689,0.3604549,0.0803336365419833
0.008750024,0.2885647,0.0296918257044965
0.021593977,0.30332157,0.0569450573681821
0.034159515,0.7692314,0.0990914718010305
0.6228449,0.89925885,0.0570093533663449
0.40286472,0.10903137,0.3067334725729041
0.3845376,0.13626274,0.198279473679475
0.6206203,0.5836549,0.0601443284738818
0.08583025,0.13725097,0.1854262746771856
0.03497909,0.27443138,0.0841981338466523
0.2166703,0.7226745,0.3194170450434854
0.09577752,0.10837255,0.1755189997822989
0.037970744,0.55749804,0.1042305602216603
0.07062918,0.36371765,0.1555626761993191
0.78662217,0.39087844,0.1115087765548608
0.12476035,0.1484353,0.2094521435191003
0.14255199,0.3852196,0.2101366687601031
0.06615463,0.36976862,0.1492214318940961
0.050145574,0.12116078,0.1283400546848417
0.1599536,0.44960785,0.2340487724465976
0.15261018,0.17367843,0.1738699672468593
0.013198158,0.4194039,0.036633595169621
0.041101716,0.009345098,0.1121839867783912
0.82289565,0.53108627,0.1050874956226393
0.18200046,0.22652549,0.2125305262390244
0.007741268,0.0978902,0.0258132680540592
0.8125902,0.7416588,0.1047334742211669
0.063956,0.32222354,0.1497404091011637
0.10263246,0.1251451,0.188030984499217
0.09940076,0.72333336,0.1752610902199913
0.63155305,0.5113098,0.0680710864948104
0.6108906,0.48005098,0.0945703465098772
0.03456489,0.7249765,0.1060266949299613
0.104817666,0.11689804,0.2099747570144102
0.072842695,0.57226276,0.1431087586417649
0.035420567,0.034678433,0.085457633453015
0.012354165,0.15471372,0.0385002917408057
0.23935823,0.44675687,0.2737147467601956
0.6821692,0.05061961,0.0783901872389674
0.85146654,0.5565961,0.0947172246495435
0.017285697,0.34244314,0.0515992794335545
0.014811547,0.31504315,0.0368983832598601
0.79455584,0.28595296,0.0980225795304643
0.85078806,0.5762549,0.0852440576233835
0.07321405,0.30576864,0.1622440238135942
0.26010716,0.09896079,0.2797860607264547
0.031176338,0.41901568,0.0821996565767666
0.07595589,0.40283528,0.1676284960406816
0.5993773,0.5712078,0.1774820352400916
0.8265411,0.456149,0.1101952104082029
0.13342327,0.76395684,0.2298932561313608
0.112034686,0.21160784,0.1913333488902299
0.5840155,0.3900549,0.2210505182190217
0.024438944,0.7344706,0.0732077209426475
0.30289277,0.10198823,0.2312272708026186
0.10820521,0.2520902,0.1922631736783667
0.039975893,0.06670588,0.1002796813225696
0.014783106,0.40136862,0.0429980730361185
0.5118789,0.50482744,0.2283337688117075
0.3044389,0.046635292,0.206676371242403
0.6617913,0.119,0.0757147274725738
0.64736485,0.25593725,0.0694201358108033
0.044722553,0.17305098,0.1105181717260899
0.030021949,0.24730197,0.0757977388412269
0.019804977,0.19313334,0.055533733776572
0.18542437,0.7831882,0.2647941043475486
0.13826272,0.08108235,0.1930965864607285
0.009433401,0.32813725,0.0308113647604267
0.12018048,0.10989804,0.2018538150454266
0.01729666,0.48462746,0.0496672361888686
0.010906246,0.27772155,0.0304483975809465
0.5340168,0.33703136,0.095945728278484
0.63626546,0.34812158,0.069298674417257
0.031298507,0.62664706,0.0816277584266444
0.010197834,0.26957646,0.0338194505967978
0.52126074,0.29903528,0.0739059514059684
0.039068684,0.2849804,0.1040634972585546
0.23654574,0.36889803,0.2813397753950434
0.10600582,0.08082745,0.221630842059148
0.056420974,0.33688235,0.1330828984765645
0.9066809,0.23645882,0.0879943028722838
0.56764406,0.020403922,0.1720909344923953
0.6325665,0.66373724,0.0713540928540241
0.8492775,0.14079216,0.0825557990233387
0.009034411,0.3376549,0.0296161784023745
0.43392602,0.4312902,0.3668086022029568
0.66416913,0.23990588,0.0766576008512591
0.0884895,0.10562745,0.1825703409227299
0.11676231,0.69970983,0.2009998290729549
0.15286976,0.7589059,0.2609012337971687
0.025475778,0.19754902,0.062075433559552
0.21023996,0.04194902,0.301077552104655
0.14620012,0.28965098,0.2195185399074486
0.04331062,0.41842744,0.1115372858206271
0.029654272,0.63124704,0.0864519448950472
0.047241915,0.093831375,0.1226445681128752
0.6197187,0.59698826,0.0602135287764944
0.011211681,0.36434117,0.0376277166758197
0.16325931,0.17589411,0.2328477826865023
0.8170758,0.2332549,0.093605765084094
0.64013326,0.36721176,0.0646566343633239
0.038010236,0.47357646,0.1010985142557856
0.62253153,0.8634118,0.067600611158505
0.6264312,0.6509804,0.0557760600846259
0.03767403,0.4196549,0.0980916187449371
0.09998492,0.25553724,0.1977378465179345
0.10996315,0.12959215,0.1799274710160861
0.33976927,0.4325451,0.2480967961307987
0.09012371,0.43688235,0.1656520402166074
0.014865992,0.5208157,0.0429270503257254
0.051163178,0.6003098,0.1081763828630553
0.064423755,0.27801567,0.1361082210246581
0.020255549,0.08391373,0.0746403103853245
0.38600653,0.121196076,0.1918714644223016
0.10081379,0.48892942,0.1922030427713664
0.34319296,0.16321176,0.1885112006560924
0.013484355,0.100917645,0.0475184136101994
0.06647296,0.103509806,0.1456519105269212
0.033095095,0.75986665,0.0795856890123646
0.56857663,0.030188235,0.1681328458502953
0.14033026,0.8183961,0.2762340789083897
0.047268078,0.1821098,0.1261420895655041
0.072605036,0.8321059,0.1698871179282828
0.084186055,0.65836865,0.1346175219440605
0.40266442,0.16683137,0.3144124550919827
0.07425674,0.0326549,0.1583080117361756
0.008100327,0.29759607,0.026256403089085
0.024416856,0.09141569,0.068581890162869
0.07390481,0.5182196,0.1624293108589088
0.106869996,0.14798823,0.2159938601970232
0.01325614,0.17572941,0.043876305088922
0.8813818,0.23627059,0.0878412358667797
0.5709002,0.019462746,0.133211460734731
0.76710755,0.494651,0.0928557320038765
0.51196766,0.7535333,0.0977567087261741
0.07213419,0.031015687,0.1580345566304576
0.13797541,0.1901451,0.2087132462756646
0.5749621,0.030407842,0.1397846024278433
0.029064681,0.39461178,0.07782893025216
0.06263565,0.21100391,0.1523939216938821
0.011989402,0.09361176,0.0347726546458799
0.8303435,0.24819216,0.0864974529204216
0.12147676,0.016843136,0.1978837155989686
0.7704483,0.5163961,0.0978460557145819
0.09451724,0.05605098,0.1719850182070723
0.652848,0.31264704,0.0688537476797725
0.15062499,0.6573608,0.1826549974398138
0.061731923,0.60194117,0.1261272889033895
0.16369885,0.015070588,0.1934368880749333
0.05071114,0.41273725,0.1194788747630266
0.04471457,0.0863451,0.108741517430549
0.64221853,0.24327059,0.0717994246720168
0.6553539,0.26862353,0.0811056016363442
0.023339637,0.48713726,0.0668139451703105
0.40693837,0.29236862,0.2750018275350128
0.7651558,0.54475296,0.0976178185222562
0.32648316,0.16154902,0.2176151431201088
0.7185686,0.15177254,0.0906940341345867
0.7975139,0.3333647,0.1010846401465024
0.10372042,0.21469805,0.1744124163405259
0.31342566,0.13470197,0.2034428850698659
0.35586482,0.73742354,0.2917836392098396
0.820916,0.6381177,0.0909255845172021
0.08460995,0.13952549,0.1811127578134276
0.19974138,0.7686118,0.2675976582407118
0.085981995,0.27483922,0.1507950097015497
0.17219287,0.2328549,0.2074190218364523
0.033409875,0.15899608,0.0830653594151223
0.06816737,0.42112157,0.1552423545792925
0.14563242,0.019345097,0.2103520319326325
0.50551665,0.4256,0.1252990873467354
0.05137873,0.24800785,0.1155400460784534
0.50714856,0.5629412,0.1079149807289281
0.008603661,0.17037255,0.0320015640126457
0.12353695,0.6000706,0.221507913773676
0.62685084,0.6212314,0.0599699726945228
0.63209474,0.36234117,0.061615754893584
0.06745894,0.9578392,0.1479220567414322
0.781705,0.45945883,0.104990318005967
0.616389,0.6228039,0.0534573564335238
0.62106925,0.76086664,0.0688645935677492
0.88903815,0.21306275,0.0863685827147502
0.89460593,0.3261294,0.0725289137299654
0.53068584,0.4853412,0.0999787181486467
0.09338624,0.29709804,0.147540613013925
0.026778357,0.38005883,0.0780749256693442
0.40289158,0.2564902,0.3285493038250202
0.5871061,0.49915293,0.2366571960661324
0.048871703,0.5090353,0.1161125188272806
0.6418286,0.34945098,0.0576546066785952
0.020013016,0.10566275,0.0624465064257827
0.6668063,0.6561608,0.0654429298621426
0.79208475,0.48493335,0.1059799924467623
0.05230236,0.38047057,0.1277377246837326
0.010958626,0.17527059,0.0432673316955231
0.5343646,0.34365097,0.1076978735227645
0.062412005,0.24496862,0.1374049418403416
0.07807507,0.5291137,0.1594479794779057
0.14085841,0.47423923,0.2321279990487429
0.3141271,0.32955685,0.2481036749469723
0.049868725,0.0935098,0.126113742020181
0.015782999,0.0092,0.0474499621579687
0.15094782,0.5236706,0.2372987208769013
0.08715718,0.69584316,0.1831291409266352
0.88369024,0.31269413,0.1068073920057277
0.050876126,0.3708392,0.1180885593639945
0.022194149,0.111015685,0.0646616765376053
0.1115687,0.60489017,0.1903425194302618
0.8061669,0.46115294,0.1087590203042365
0.722525,0.5127961,0.0875394953501051
0.07658087,0.2579294,0.1685752151168023
0.6249862,0.71198434,0.0595228379830001
0.22101152,0.26804313,0.2544120804633364
0.5393822,0.44933724,0.1088259018575268
0.03437518,0.12219216,0.0843974321674726
0.6304781,0.24531765,0.0659883622085664
0.3354804,0.17107451,0.2577229912524758
0.010891046,0.2246549,0.0302365955294173
0.68214107,0.59603137,0.0885544901753507
0.54509604,0.33067843,0.1443646586482398
0.832535,0.6160157,0.0951343783312224
0.7195523,0.19041176,0.105630259628735
0.21990304,0.2648902,0.328724690280883
0.08612483,0.054909803,0.1601129371499054
0.14976613,0.03257255,0.1952244321943647
0.28981146,0.048635293,0.2893444539872432
0.38987088,0.16207059,0.1772394890176261
0.074343294,0.6536549,0.1576231902568089
0.021848168,0.0198,0.0580265398321546
0.32054344,0.15939608,0.2517982567661534
0.09440404,0.26262745,0.200396743102568
0.7577598,0.72898036,0.0930308580067371
0.40899783,0.6576863,0.5460610897640137
0.8151991,0.43844706,0.1086386277705611
0.059430867,0.34549412,0.1289051994951557
0.6347394,0.53576076,0.066140643952901
0.07361397,0.32080784,0.1362011809835141
0.02932343,0.2813686,0.0699006864756663
0.3367029,0.69225883,0.3531528965445296
0.11166981,0.3001804,0.1987212291185482
0.14737715,0.36566275,0.2110207599026581
0.516188,0.3403294,0.0768931617309878
0.07363641,0.5093059,0.1557272612591181
0.018243417,0.09175294,0.0460454949050427
0.06604085,0.6181255,0.1534379211755163
0.07202456,0.6929961,0.1754496654303356
0.010710058,0.05132157,0.0324950358159292
0.17267597,0.1868549,0.2318201558121777
0.120123886,0.28520393,0.1979472819904178
0.5331152,0.35100392,0.107984790483784
0.09603466,0.13807058,0.1985213668247953
0.014102937,0.27043137,0.0468275348967479
0.09088316,0.16763137,0.1869393895870897
0.9491943,0.35213333,0.0735377247263822
0.020679766,0.21745098,0.051912030161673
0.061445888,0.76389414,0.1486406031839926
0.30518338,0.32172155,0.2386024871353932
0.015105828,0.5022706,0.0488643150833324
0.0936252,0.3424,0.1781601724249529
0.047001123,0.7215804,0.138110111008157
0.15267986,0.76840395,0.2246497040187163
0.13711895,0.121156864,0.2086065774622721
0.084893115,0.8244745,0.1793500223201273
0.1141771,0.3033608,0.2242358572215275
0.6331259,0.29111373,0.0691010350667082
0.078795195,0.2502039,0.1670109391409293
0.05923738,0.2649451,0.1411721450870498
0.00621279,0.201,0.0246054716761515
0.10276714,0.06338432,0.1801174453627899
0.8642344,0.22148627,0.1115689769248449
0.5308641,0.4970039,0.0999735542633766
0.18931867,0.040858824,0.2356410201971733
0.09777545,0.1852,0.1717826820738403
0.01172218,0.08648235,0.0336078046023905
0.056054235,0.77426666,0.1332123759850723
0.65447634,0.27913332,0.0702216075652859
0.7962721,0.7539608,0.0987280015615994
0.5404614,0.44241568,0.1173282185887876
0.03328751,0.04184314,0.0825751791378896
0.16567282,0.29453725,0.2569443103271952
0.031551626,0.2261451,0.0880623416166846
0.63339007,0.63306665,0.0681089415535816
0.6382304,0.3902941,0.0564647482970155
0.025048884,0.5578,0.064843748609028
0.009063977,0.30512157,0.0278202922936281
0.1670966,0.6074392,0.2589139351224147
0.5789861,0.6559294,0.181803836099307
0.8607777,0.23410589,0.0664570942132563
0.111550406,0.29010588,0.2129123416118435
0.015903048,0.20254509,0.0458734249645211
0.46671808,0.62608236,0.176855263573965
0.017197091,0.197,0.0549808935096168
0.13257168,0.35441962,0.1898621076395903
0.0063131643,0.34528235,0.027430059540381
0.89596987,0.5583961,0.0776150586750263
0.14814146,0.24719216,0.2221026001034272
0.09785263,0.006964706,0.1900206065940896
0.00705203,0.19310981,0.0237804622283072
0.13988088,0.67298824,0.2467972594874658
0.08852282,0.26368627,0.1451728691884731
0.32025075,0.084133334,0.2707599411568725
0.55631185,0.3457608,0.1357469035106835
0.8264661,0.59517646,0.1064399640531919
0.13898608,0.354051,0.1839955115567732
0.055410214,0.63192546,0.125948970783837
0.05059998,0.32573333,0.1312570278527396
0.66061425,0.2995608,0.0857625612047741
0.15577161,0.19742745,0.2140000596765853
0.2144029,0.48843136,0.3467314204873101
0.017271392,0.12066275,0.0560525950782792
0.009711962,0.09707451,0.0308065394993532
0.66185224,0.22486274,0.0814488189340829
0.0501825,0.18920392,0.1138963541581388
0.78057104,0.30656472,0.0981990120605982
0.07819225,0.5342902,0.1745712413652283
0.009667806,0.034788236,0.034427709801129
0.019222321,0.30779216,0.0601500217123117
0.04528266,0.79695684,0.1125924833906314
0.83714396,0.18403137,0.0912476348112099
0.33651623,0.2580392,0.2134183950753643
0.0338156,0.058211766,0.0904124608856963
0.42541894,0.28129804,0.2450338009296048
0.010152329,0.2792902,0.0309930053332074
0.14477114,0.43622744,0.2153947074964783
0.07389684,0.22697647,0.1637969247188545
0.11135449,0.116607845,0.2107341352506799
0.0134673035,0.3639961,0.0426720554499479
0.026033225,0.7511412,0.0622710302166621
0.046941042,0.39339608,0.1128297762554574
0.6657832,0.19065098,0.075398502229552
0.06081983,0.21665098,0.1375759746234028
0.15278691,0.11792549,0.1892032988862249
0.5912878,0.34445098,0.1953484220401742
0.10910671,0.3219961,0.2099137594367612
0.011592626,0.36759216,0.0300887912195695
0.329234,0.16608235,0.2268046598635821
0.39310947,0.23620392,0.1873499831456507
0.085880935,0.3900196,0.1758991666247986
0.9492598,0.2562392,0.0698825799088425
0.79861856,0.36568627,0.096151432787471
0.020041985,0.26028627,0.0623571299369225
0.40621653,0.28139216,0.3044420607134319
0.11239522,0.013466666,0.2075233374422888
0.063500404,0.29253334,0.1408733124088534
0.6773723,0.3399451,0.0851396272579967
0.83157295,0.23265098,0.1088096145817991
0.00834541,0.31712157,0.0261196488721452
0.017983405,0.32203138,0.0484641782861544
0.89795995,0.5383726,0.0706326966892103
0.022566188,0.7159451,0.062900865514483
0.15571167,0.074560784,0.2369515582229448
0.13725272,0.62642354,0.2120248547014229
0.010777583,0.16557255,0.0321054060634789
0.08444466,0.40363136,0.1876554696409803
0.24067281,0.18523921,0.3007720896739412
0.0075852447,0.30350587,0.0269012113324033
0.63771814,0.3369059,0.0641154867417137
0.2021114,0.3258745,0.2343294272237216
0.050903622,0.55979216,0.1294116104990893
0.02855817,0.25004312,0.0785499744418589
0.07935682,0.14430197,0.1461836463023652
0.07428594,0.6235059,0.1400914500976928
0.051480494,0.36564705,0.1293870393856172
0.56474626,0.02149804,0.1416624124214056
0.6347873,0.64906275,0.0554617004940862
0.14221531,0.13397647,0.1824151787811646
0.017645005,0.4894706,0.0522011495151899
0.83691484,0.14240785,0.0822543327940203
0.028280664,0.30669412,0.0886448215290693
0.5299416,0.24973333,0.1042179647298504
0.023882383,0.14012548,0.0664945484045594
0.14587185,0.3816902,0.2387418626449102
0.11717824,0.008847059,0.1922041548356966
0.14321941,0.4755255,0.2205190105679942
0.13662793,0.3225451,0.2485137109229271
0.49923337,0.35283136,0.09408479029569
0.091041654,0.24383137,0.1832767858671676
0.8031297,0.31573334,0.104258895101964
0.8278806,0.19507843,0.0983125728390887
0.51070654,0.4778,0.1173552577058305
0.36829707,0.27007058,0.2117873316594694
0.018507406,0.29539216,0.0507264068277399
0.7232475,0.18111765,0.0950256398851592
0.011221054,0.55993724,0.0375104732085032
0.6695969,0.040364705,0.0744817765124112
0.16698277,0.31499216,0.1951675977637719
0.123227224,0.5865098,0.1994911450134815
0.026545513,0.37013334,0.0663486833394946
0.10865514,0.25275293,0.2078300984019612
0.16235305,0.5119098,0.2453448240389826
0.02779467,0.0926353,0.0664145939629544
0.63170207,0.053454902,0.0878703719557381
0.18502118,0.8341882,0.2554257964133739
0.028430741,0.10724706,0.0730028701409099
0.011221562,0.09694117,0.0393240630909473
0.78521925,0.3636157,0.1088594188071376
0.32960746,0.11988235,0.1813026691667035
0.033523478,0.13761961,0.0887222456522087
0.016268339,0.6578314,0.0536416835298915
0.09774746,0.19978039,0.1989357324277613
0.8662115,0.5479098,0.0895246105881077
0.03449266,0.17239216,0.0934025849051952
0.12279814,0.49143922,0.2090328356917183
0.09627471,0.20445098,0.2032741639478359
0.47302905,0.6192118,0.2126376394375481
0.04907313,0.35099214,0.1251376227379979
0.016390314,0.032215685,0.0572548504512676
0.6226444,0.5224745,0.0647204431014243
0.034473807,0.03389804,0.0906735665929091
0.5905178,0.088133335,0.1699577203626472
0.40656528,0.023741176,0.2662556496030452
0.25212654,0.03854902,0.2814282389942185
0.06576848,0.2582706,0.1343438425276107
0.018355928,0.41,0.0480607956340138
0.13634153,0.56625885,0.2039570762140473
0.51614314,0.5969804,0.1082722912670646
0.025884535,0.74389017,0.08101096386044
0.060625795,0.11653726,0.1338488864233092
0.06839026,0.026160784,0.1508452130358195
0.63587916,0.2483804,0.0697993368094715
0.03829546,0.29093334,0.1018759905528304
0.04510762,0.13672549,0.1025319858263037
0.029618274,0.25192156,0.0811682741868934
0.6380622,0.39044315,0.0678996860915543
0.02655489,0.32108235,0.0797537390331354
0.04583385,0.7939843,0.1044222443411365
0.08575736,0.22238432,0.1825924863944044
0.13597193,0.5494392,0.215022364528758
0.8591219,0.5504314,0.0738269300359881
0.03867022,0.3844039,0.0985044838402743
0.62642515,0.3836745,0.0561069423956179
0.0140707195,0.3847412,0.0464380419077881
0.015510578,0.19637255,0.0428697882004925
0.34355026,0.062847055,0.2875120840392059
0.6980471,0.07627843,0.0895393778197166
0.120034486,0.15398824,0.1883743641486215
0.072901085,0.18420392,0.1713552430157914
0.17298567,0.17981961,0.2490435003556912
0.086197644,0.31432942,0.1764838731992449
0.16520785,0.22943921,0.2566205208824655
0.64654887,0.36855295,0.0700866073541868
0.1072875,0.10750588,0.1580503755499429
0.25714648,0.32445097,0.2318902799357732
0.113032654,0.2372,0.2279235199828346
0.06891529,0.17499216,0.1497392765811738
0.66416883,0.5191686,0.0686803675168494
0.15447086,0.7520431,0.2224618167403921
0.12212543,0.7677961,0.2486554641022603
0.011996704,0.19573334,0.0402879859543252
0.66927016,0.117447056,0.0728403532078341
0.022579474,0.16867451,0.0688076704761528
0.62646174,0.7092314,0.0642251380415663
0.16436468,0.3192588,0.2347313317167308
0.019295353,0.04578039,0.0664704176430654
0.6839283,0.55389804,0.08093897091344
0.3709075,0.25004706,0.2254677417084093
0.091131,0.10482745,0.1823893322902232
0.07989028,0.70329803,0.167999499300151
0.057228893,0.24262746,0.1219233297396353
0.14087999,0.676651,0.2462012128647392
0.3388462,0.16332157,0.2274238165436293
0.81945974,0.74905884,0.0793616083047044
0.054483775,0.8314941,0.121534633856582
0.20874697,0.2996314,0.274537764238685
0.16051142,0.6249451,0.2288555908906264
0.008901178,0.33359215,0.0345042325932399
0.2253804,0.52826667,0.3365912993991843
0.019782858,0.7309529,0.0547495106371015
0.012805546,0.36357254,0.0417595060958113
0.7973613,0.1796,0.1127293697068398
0.13350335,0.18506667,0.2308579620087137
0.7572084,0.60764706,0.0750007416971711
0.8882373,0.22597255,0.0749782309298563
0.29519534,0.074533336,0.2180583715475369
0.6896556,0.3078196,0.0991213176191072
0.63549817,0.4005608,0.0691060900150235
0.3765624,0.7940157,0.2184456084344922
0.10789582,0.6867098,0.2278495921812598
0.13472743,0.2939804,0.2009639848565957
0.8270705,0.5394118,0.0885069169523338
0.6370958,0.49331763,0.0731683628704327
0.5313903,0.3602353,0.1271196646557009
0.100901306,0.18402353,0.2222294804728547
0.13420506,0.41246274,0.1810671880174134
0.1462113,0.16967843,0.2289713647307228
0.55337536,0.011964706,0.121487465680091
0.014715083,0.17278431,0.0478208508750896
0.88221246,0.25194117,0.087416190650075
0.048306726,0.25159216,0.1309166481789847
0.14188746,0.4725804,0.234195137984922
0.8222925,0.54975295,0.1242685988455889
0.6226175,0.6597255,0.0655304129885432
0.02014001,0.3297255,0.0597463449530389
0.3895655,0.12617648,0.1945849424398247
0.64080065,0.34196863,0.0549436995150434
0.080831565,0.17569804,0.1832104264076249
0.5498595,0.6654235,0.1377271018989938
0.46961734,0.5868902,0.2397605960726052
0.6172417,0.5613451,0.0563951828514095
0.09111882,0.21149804,0.1940187083692152
0.21955872,0.26103923,0.2707758610641568
0.1551494,0.6675686,0.2239913520060579
0.08814571,0.35104707,0.1725882336730708
0.012980704,0.22474118,0.0351945648150692
0.6688281,0.24241568,0.0754559152599083
0.55101,0.66313726,0.1371359049218813
0.006877793,0.23059216,0.0241397202182859
0.08213803,0.11731765,0.1451572804295579
0.014214212,0.06955294,0.0375898687614676
0.08411779,0.6414314,0.1749713209448635
0.061280437,0.7241804,0.1432062509621058
0.13861084,0.40078825,0.1936083346355633
0.028900528,0.77664703,0.0838932162310078
0.13253336,0.21515687,0.2154080820558788
0.14042932,0.3403608,0.1979760070092342
0.5165315,0.6527608,0.1265678010062678
0.097969115,0.18019608,0.1966798024268319
0.09680523,0.5306353,0.2011074811353994
0.11377094,0.37535295,0.1899212754194476
0.12106969,0.08360392,0.1653358962141485
0.06907345,0.38617256,0.170725905029613
0.40210748,0.113,0.3232620465019703
0.39482728,0.19152549,0.1648801657307532
0.009549738,0.2128196,0.0266955408793425
0.15871519,0.3901608,0.2347184933312038
0.6335574,0.5283137,0.0698012994530612
0.009656397,0.32931373,0.031522806719427
0.10297223,0.22120784,0.1887088770708214
0.024053898,0.4880039,0.0620713387714592
0.15571398,0.21180785,0.2217343380146331
0.23897265,0.34666666,0.2842530552036708
0.029598406,0.21590981,0.0815036660592546
0.65446126,0.07189412,0.0748055784725465
0.017978474,0.27698824,0.0528954868655596
0.188798,0.22927059,0.1961615648338147
0.93466544,0.52023923,0.0687281565034787
0.1327403,0.3823255,0.2202436257090683
0.0050900513,0.312,0.0169018852791606
0.103965245,0.092407845,0.191121897801148
0.12828155,0.4808745,0.2478880953039907
0.15499008,0.26965883,0.2584673817189413
0.12116808,0.5190392,0.1905181759487135
0.056805134,0.6489294,0.1264807153869221
0.1355499,0.4951647,0.2273920347988405
0.03406966,0.32079607,0.0847481244492099
0.90436006,0.6550118,0.0947244714339021
0.21317694,0.13886666,0.2956820438928148
0.0076492466,0.27982745,0.0281135586614358
0.03178766,0.3295294,0.1016202857215607
0.082338884,0.3506745,0.1734739856616265
0.7156667,0.11847451,0.0941175463765973
0.58955735,0.04825098,0.1739348850576949
0.0104990825,0.2732549,0.034831141394183
0.10290976,0.15309411,0.1998981704875017
0.8738892,0.21519215,0.0817899204869909
0.033078566,0.4452745,0.0936746385876571
0.011784984,0.36244705,0.0337426644135037
0.05906775,0.35334116,0.1446340256969545
0.6452413,0.46634117,0.0645067888073984
0.15141073,0.24899216,0.1811246479841919
0.06991884,0.5291137,0.1437902798215682
0.14456227,0.26938432,0.2077272125931207
0.6012616,0.043909803,0.0663351567665686
0.5430235,0.60606664,0.1127884053726164
0.7127435,0.16416863,0.088892544122948
0.015129703,0.08587059,0.0443560677216235
0.18982866,0.59197646,0.2022030826782939
0.66646224,0.27808627,0.0733775555735076
0.51713926,0.32258824,0.1266030113720881
0.116286315,0.37168235,0.1943529014212541
0.028965838,0.5738902,0.0867132287268061
0.10915585,0.0146,0.1897230698108707
0.6298525,0.5127098,0.0648370777610263
0.03322613,0.09170588,0.0845405959546593
0.3973476,0.27694508,0.1498175814915564
0.012584579,0.09988235,0.0400238975488543
0.64735407,0.46399215,0.07485932866225
0.88797235,0.22896862,0.0722865887209383
0.8205428,0.59751767,0.0917773267911636
0.010395882,0.10927451,0.0341497781524247
0.08250384,0.74756473,0.1677770222064838
0.023554152,0.37013334,0.0590421428774129
0.41018677,0.33917254,0.3036745833566425
0.151891,0.1618196,0.1969539106691233
0.044530235,0.18297255,0.1022110309458861
0.8281304,0.2710941,0.0989447748466094
0.10496871,0.07294118,0.1802586676035869
0.07845471,0.37306276,0.1699745511678854
0.06387277,0.37227842,0.1435283791004779
0.051525343,0.15582745,0.1248938368344904
0.20702793,0.48018432,0.2846536703764934
0.024270475,0.58361566,0.0763973535936417
0.1527797,0.18746275,0.1810954066497936
0.12525992,0.33083138,0.179268692050158
0.010600675,0.31882745,0.0329172726867225
0.846257,0.60227454,0.1060125156749096
0.76587194,0.44476864,0.0796333821717032
0.015674345,0.37084314,0.0499590529810937
0.16970077,0.24098824,0.233228188120617
0.0385653,0.14012548,0.1041182057214382
0.021485187,0.16569412,0.0566185832578206
0.10260899,0.2602549,0.1916154061351374
0.024112234,0.47698432,0.0631157680288779
0.63424736,0.41293332,0.0695036907973447
0.15870337,0.32886666,0.177016195820075
0.2601703,0.046733335,0.267810547563333
0.12961869,0.59637254,0.188332095774926
0.8644935,0.29414117,0.1113269929409639
0.115352094,0.48134118,0.2340739421674064
0.88544077,0.6192588,0.0876492706805271
0.16325247,0.46392158,0.2179206821894926
0.63918173,0.52021176,0.0599640048887242
0.15658939,0.4637804,0.2153534320373633
0.39462098,0.23327059,0.1779604749378329
0.027289774,0.1598196,0.0740355346481433
0.11090353,0.02042353,0.1999153578388916
0.9579421,0.55324703,0.0483506145114389
0.017286131,0.35219216,0.0481690694433026
0.5369616,0.54535294,0.1141578894698553
0.39170086,0.16099608,0.33272233200307
0.20047234,0.269549,0.2877306761259613
0.008381712,0.23433726,0.0339790980438993
0.34709874,0.15637647,0.2144497369958792
0.1246422,0.1718,0.1975290663690744
0.14974746,0.41784707,0.2104123217059658
0.14975175,0.36518824,0.2845672833214478
0.009861177,0.39122745,0.0302770546881947
0.82208604,0.19315687,0.1138868022882522
0.76955086,0.5445647,0.0908320125432258
0.12789722,0.2648,0.2384270491479892
0.03240339,0.14974509,0.0838966699414773
0.056733955,0.17732157,0.1300816919551832
0.0901653,0.26375294,0.1630129229071353
0.018553713,0.020980392,0.0503370924137988
0.54553926,0.65924704,0.1188675248148004
0.2541275,0.3793608,0.3100064451713703
0.056039475,0.74263924,0.1438543745601733
0.08251677,0.16267058,0.1738000393399146
0.11354429,0.1177451,0.2164675616299488
0.5581964,0.0071137254,0.1420403128771901
0.13013837,0.3521255,0.1506484952260383
0.01995412,0.6013137,0.0556217216781818
0.018781727,0.18938431,0.0496314072729685
0.09952559,0.112062745,0.1724609718112769
0.074158095,0.5168745,0.1654923256807632
0.060607452,0.40106276,0.1259897849256391
0.06577468,0.71017253,0.1514471876279315
0.38050252,0.63313335,0.230629231076634
0.01269364,0.3213451,0.0380255008267586
0.22991028,0.02817647,0.3088970969696503
0.655476,0.28837255,0.0767079962897105
0.5587506,0.3318588,0.1455812786167984
0.06393186,0.18504706,0.1315301945803127
0.053850736,0.24948627,0.1267479975391165
0.43336678,0.59439605,0.3605238008204851
0.114329316,0.15153725,0.2038603166881691
0.10446752,0.4470549,0.2126819786972361
0.635591,0.6284157,0.1987789960633954
0.40206596,0.23064706,0.3128144339969504
0.87987787,0.16421176,0.0993498434496669
0.18193795,0.6344196,0.2617771333944338
0.6802607,0.053047057,0.0551926414561678
0.051597,0.23060392,0.1428426527710291
0.6248352,0.6095529,0.0711494302062112
0.02970228,0.11109412,0.0811862414381385
0.02839058,0.37889802,0.0752055443121238
0.026524967,0.37192157,0.0726691728317809
0.16015989,0.16383922,0.2318497446666791
0.035361286,0.13895686,0.0976309905818306
0.083178155,0.7081373,0.1760876545920109
0.016067278,0.067329414,0.0516138831073914
0.33511403,0.16117255,0.2289480433458263
0.013864739,0.23573725,0.042876022536835
0.09753832,0.32075685,0.2081251048234774
0.01409911,0.29611373,0.048606565459359
0.7689863,0.40918824,0.081101071581082
0.2673457,0.403051,0.3148730685205605
0.32400095,0.17266667,0.2407729812460867
0.069457196,0.39518824,0.155442858957503
0.007711476,0.2963608,0.0310846633829057
0.071437456,0.39217648,0.1466032344459573
0.12802319,0.006917647,0.2589747323044906
0.07411782,0.3859255,0.1559078280703459
0.12902667,0.3447255,0.2315682037373536
0.40351394,0.10775686,0.2949072927824446
0.55943185,0.308349,0.1549962566290563
0.3986042,0.120486274,0.1483266739552009
0.059391376,0.52919215,0.15239912448976
0.0319233,0.034294117,0.0854967632929588
0.029369624,0.16933726,0.0759836621175962
0.09066143,0.99537647,0.2083287681308123
0.07412059,0.30362353,0.157153945566449
0.657963,0.1975294,0.0760776796080349
0.12686485,0.32373333,0.187560372775456
0.02024488,0.17216079,0.0642306483999169
0.62845844,0.44125882,0.0615420958526999
0.10823196,0.0052509806,0.1948889462158758
0.024015425,0.55826664,0.0706827627722821
0.05064832,0.20928235,0.1207475035698652
0.6300215,0.2857843,0.0672441460165362
0.17788275,0.67480785,0.269448530452093
0.5484092,0.37755293,0.1496138679577356
0.043081477,0.3648902,0.1056519949831654
0.7619447,0.45909804,0.0995526998336793
0.62300116,0.5836549,0.055100237457395
0.12576237,0.72493726,0.1915633376945313
0.062479533,0.34086275,0.1183368703616482
0.041250836,0.2086549,0.1186959491571537
0.65586287,0.30113333,0.0617397865514823
0.65581846,0.45895293,0.1384434182413498
0.5910178,0.3998745,0.195296500327851
0.0757686,0.37495294,0.1551515994378048
0.14298546,0.41086274,0.2417488845939274
0.11303097,0.3049804,0.1905465633765725
0.12150142,0.17883529,0.1941714264233602
0.041579384,0.18491372,0.1066095797696338
0.34710217,0.1714549,0.26931513686274
0.19096397,0.2843098,0.2065081716459504
0.011082346,0.28637648,0.0414475380714865
0.86104256,0.23860392,0.0914767557528541
0.4438042,0.32396472,0.1851795280928727
0.411905,0.29504314,0.294711802840078
0.6544238,0.28837255,0.0640162306064551
0.12950966,0.5200235,0.2299599104871556
0.12899508,0.62676865,0.253942501179726
0.020436985,0.43888235,0.0524282534218229
0.1426752,0.6513294,0.2184599738147928
0.02175575,0.18614118,0.0680779109474867
0.6362623,0.6579059,0.0707857649008412
0.03104815,0.27379608,0.0736083263971199
0.15511937,0.15957648,0.2056224819109207
0.108439356,0.5174235,0.2064082050059769
0.82359093,0.13173726,0.088473347289496
0.10848511,0.15093726,0.2005703736585593
0.44671094,0.27545097,0.2774300076792011
0.10834613,0.4003451,0.1959879735776906
0.5730457,0.02627451,0.1820095768743963
0.4672128,0.28774902,0.1825267347795757
0.04609447,0.3040941,0.1033064811849534
0.02280205,0.24973333,0.0590170286069117
0.2403698,0.32597646,0.3017107951839992
0.34557906,0.06047059,0.2259363610602432
0.58382726,0.25693333,0.1758340498213246
0.11690961,0.2579647,0.1998385856835206
0.61986375,0.7210157,0.0578287399489423
0.02970087,0.035541177,0.0792846709469768
0.6704322,0.11888235,0.0890373062037619
0.4208753,0.27468234,0.2229698452165499
0.012985684,0.055109803,0.0380774794288361
0.00736419,0.09512549,0.026607797982343
0.0902631,0.21103138,0.1752289297167261
0.66789526,0.35848236,0.0912057249862745
0.023020327,0.6608314,0.0699584077555438
0.07363536,0.81257254,0.158822044452796
0.042257205,0.26831374,0.1089967479012711
0.039889198,0.45878825,0.1054607556218346
0.08134031,0.19720784,0.1827217192074042
0.13610439,0.46069804,0.1755930811391565
0.042341255,0.7529843,0.1114905469780547
0.014249711,0.53616077,0.046245745908267
0.657663,0.3171608,0.0900524836005041
0.39258075,0.22386667,0.1847474892633421
0.042477712,0.18734902,0.1097431297683011
0.30965334,0.25784707,0.2647412425474125
0.09539329,0.5488902,0.1711086022942253
0.017586049,0.27667058,0.0533498243844574
0.5531271,0.6052745,0.1732039825815452
0.00835293,0.089372545,0.0279853385092365
0.7569556,0.5184549,0.0910767553399261
0.5728991,0.020015687,0.1921027549579221
0.021555511,0.4767686,0.0614785956333921
0.9439954,0.23756471,0.0637234472976477
0.6213804,0.69279605,0.0579165796602973
0.82420456,0.5879176,0.0802651864009018
0.9086355,0.62625885,0.0847729580263763
0.6307094,0.4069059,0.0592713685677182
0.66922647,0.34583136,0.0863286469517632
0.50171465,0.32615685,0.0914160663284485
0.027806079,0.34108236,0.0677826022961193
0.031186009,0.06092941,0.0780795178200212
0.055043902,0.6550118,0.1253193428016382
0.026174545,0.5166627,0.0754682063773834
0.08834954,0.086435296,0.1688373697660066
0.07453845,0.5726824,0.1684363364821108
0.66921455,0.29357255,0.0743863714946613
0.09489646,0.36045882,0.1819477443840614
0.05872498,0.26596472,0.1297115859408381
0.021318609,0.09028235,0.0576607139358653
0.09950247,0.058541175,0.1732099272794139
0.65844595,0.46046665,0.0731468764874134
0.079678416,0.009078431,0.167755052808189
0.06808502,0.5757294,0.1563414537804418
0.2565223,0.7110431,0.3150946953791573
0.5844184,0.43828234,0.1815412971120009
0.14428906,0.53163135,0.1923979519035357
0.02363126,0.39687452,0.06216455365517
0.024934297,0.791549,0.0766211406743899
0.6342273,0.5552745,0.0568306158710649
0.07965609,0.27211764,0.1966896308957318
0.15131535,0.48969018,0.2606000331591475
0.008683932,0.37185097,0.0354857313734684
0.83259225,0.5991137,0.1060518721081984
0.009977943,0.27455294,0.035061023121105
0.5522972,0.29632157,0.1468307329303477
0.798761,0.4376,0.1031922055670175
0.48360357,0.57126665,0.2288570817422746
0.53150797,0.40351373,0.0881755405026965
0.76569617,0.50310194,0.0858795153644953
0.0122166155,0.35541177,0.0341793285010554
0.033676103,0.7653059,0.0981701447544082
0.6668799,0.043537255,0.0783268577510458
0.08073626,0.02797647,0.1765879640772074
0.010487701,0.29113334,0.0383883922024429
0.09880288,0.14909804,0.2129547792353782
0.64071,0.4582353,0.0704840655025265
0.034821525,0.5505255,0.0862838011836985
0.16697903,0.37219608,0.2147905586907741
0.032685615,0.0048627453,0.0774164218200335
0.57148933,0.38845882,0.1487270532576127
0.6292263,0.33421177,0.0615771039371944
0.029332101,0.76473725,0.0781039162612641
0.013240557,0.07042745,0.0397970503723895
0.011013376,0.22507058,0.0335016749299425
0.76009285,0.454,0.1032767761075095
0.0580872,0.7086353,0.1285411618786548
0.10586027,0.1996353,0.2068617385989518
0.54121506,0.5540353,0.0906060152041434
0.10179483,0.34179607,0.1751519490492932
0.030093003,0.55495685,0.0821013226281467
0.37998185,0.11353333,0.1705351975145589
0.3433661,0.33986667,0.2101034252788871
0.7757094,0.538902,0.1106498632432253
0.019447982,0.27457255,0.0605789919018327
0.08012465,0.0033568628,0.1732664369935664
0.6430942,0.2634392,0.0682288111518907
0.5280724,0.49364313,0.074952403025575
0.0615133,0.24260785,0.1572193435082352
0.02455191,0.0764,0.0647942365293425
0.12162282,0.3453843,0.2057315734358898
0.8775202,0.45639607,0.0961884870583984
0.531281,0.6000353,0.0837027242852943
0.33841637,0.20698823,0.2106672985318912
0.014913742,0.2743255,0.0404620547301256
0.0097018145,0.29194903,0.0295677813414551
0.7131062,0.114262745,0.078454714852336
0.3937364,0.23527843,0.1788507379023735
0.019197667,0.73259217,0.0550286403609851
0.14962085,0.22567451,0.2156469773039681
0.08578031,0.21142745,0.1766641000167069
0.47540802,0.33651766,0.1945213518180969
0.076051794,0.32138824,0.1650520300219056
0.78348917,0.49161568,0.0936290535157102
0.38870567,0.23140392,0.1480702483794901
0.1590674,0.7839647,0.2991892611678431
0.28244317,0.07744706,0.2921248234341025
0.12248107,0.27993727,0.2045364915175491
0.18433093,0.7283726,0.2500222857617968
0.34358224,0.0632353,0.2179811492490574
0.046199754,0.56710196,0.1042384062898756
0.025372129,0.33333725,0.0631222414214401
0.1446896,0.16225882,0.2032278996043556
0.074771665,0.6756667,0.18146228279669
0.39675286,0.110407844,0.1588260551273697
0.6779451,0.31248626,0.078019013680795
0.62980646,0.6100431,0.0756945761436242
0.08643632,0.12738824,0.1560613988495477
0.08224024,0.033874508,0.1699710893409266
0.81201327,0.72422355,0.1065925408350483
0.10106941,0.41588235,0.1685888531756313
0.38632816,0.20081961,0.2023849383162086
0.009152043,0.2961255,0.0307654551055495
0.77156115,0.9166196,0.1088318961540084
0.07510264,0.29788235,0.1560705048684738
0.64035493,0.3949608,0.0658356411515677
0.19733383,0.67574507,0.275874236735239
0.63936937,0.529349,0.0669720574328445
0.1310559,0.41432548,0.2291496921893963
0.89795613,0.2557647,0.0845240576262473
0.6653897,0.31554118,0.0852139509732359
0.53535455,0.48071766,0.1200278014094154
0.33347678,0.7814902,0.30790500476495
0.0132025555,0.15969412,0.0422395992127138
0.64702606,0.46634117,0.0679269405927978
0.09453188,0.48191765,0.1925868913189682
0.155276,0.38047057,0.2286678307434372
0.3146121,0.17938824,0.2198182610280967
0.61817616,0.6139412,0.0624854884190793
0.6558037,0.23906666,0.0874240188784356
0.07220202,0.6711373,0.1548854575745314
0.4489602,0.33864313,0.2025814367638875
0.41897842,0.41775686,0.301536119352299
0.87210494,0.3895059,0.0996341891509382
0.65029275,0.5991608,0.0933753932424676
0.33078933,0.2620549,0.2086595061265417
0.00915786,0.28653333,0.0252082715707219
0.036549672,0.5901961,0.0916685199576172
0.39260784,0.10591373,0.1842175422305477
0.71667093,0.12950195,0.1106970693858437
0.094054826,0.21608235,0.1961302030660683
0.7554205,0.8017961,0.0875965147106718
0.06616821,0.47459608,0.1366913333437657
0.066451766,0.32951373,0.1552664014639293
0.015626203,0.27181962,0.04558863416559
0.14882426,0.5251137,0.2201275937111809
0.015553361,0.5681804,0.0415736487256058
0.09600504,0.7783608,0.2055352445599828
0.7982139,0.3234745,0.0838063989032658
0.6355973,0.07263529,0.0770288171996262
0.04145775,0.08410196,0.1136301243204129
0.116945244,0.30490196,0.1988917621977641
0.4003965,0.108058825,0.2667778084663521
0.096568935,0.33806667,0.183426958738783
0.6295317,0.60023135,0.0697362526519986
0.01326781,0.48037648,0.0427933925092273
0.14207019,0.24972941,0.2390707854580213
0.014192803,0.2629098,0.0443007879962447
0.011270493,0.3493843,0.0308999724112237
0.7164492,0.13042745,0.0909818010455585
0.020713884,0.19241177,0.0661854845303182
0.83873415,0.22612941,0.0824177158101997
0.042867314,0.7200588,0.1007482169858848
0.098014735,0.33652157,0.1936379532775022
0.016188256,0.28587842,0.0507261889724101
0.020499833,0.15532549,0.063492612350736
0.8620742,0.24717255,0.105143503674399
0.6430343,0.55288625,0.0861947307589259
0.17662343,0.13834903,0.2578430271015222
0.60839784,0.33189803,0.0801502506369304
0.0586935,0.31696078,0.1293201495825106
0.12600344,0.015011765,0.233588983491765
0.10877632,0.006047059,0.2190035605247009
0.6826864,0.3081294,0.0771089689393618
0.04637028,0.49027842,0.1083055808802346
0.6926774,0.06745098,0.081552570892448
0.020104231,0.62702745,0.0691527715548738
0.02832533,0.23920391,0.0771441448729362
0.051304765,0.34503138,0.1175466988300639
0.014426368,0.2649608,0.0388394785113964
0.03769145,0.34776863,0.088985576099476
0.009275445,0.13494118,0.0288447761282182
0.6505132,0.18422353,0.0748752180878231
0.040774904,0.30826667,0.1019622870078343
0.043496933,0.2473451,0.1005648077398625
0.09239109,0.2685608,0.18484485669324
0.01272471,0.3649804,0.0429457264062696
0.05037059,0.5628039,0.1227235506597572
0.022450224,0.19227451,0.0637766891370214
0.9675773,0.6405412,0.0500152355139802
0.02576174,0.7523686,0.0700132768811298
0.35191914,0.59795684,0.2698186560907494
0.32067096,0.59692943,0.2792009820052091
0.5966292,0.16124706,0.2462263144696875
0.11756277,0.503851,0.2064672834235218
0.015658198,0.3656902,0.0585875946484842
0.6558474,0.37154117,0.0819389321170032
0.045222946,0.24989411,0.0986791311872727
0.10285442,0.72796863,0.2113597083424631
0.009647315,0.15496863,0.0379038270715422
0.65783554,0.20730588,0.080187712025912
0.32073256,0.18529412,0.2549101623917967
0.78173685,0.35295293,0.0915243464801904
0.046141524,0.13041961,0.11758692598109
0.15018438,0.5287882,0.2187854114977261
0.04685118,0.48022354,0.1158358715634578
0.013498988,0.118137255,0.045442400421325
0.05778502,0.7755765,0.1456581192483144
0.14315513,0.43579215,0.2024317310479116
0.01619205,0.24810588,0.0478244493049612
0.0079091145,0.2771804,0.0246637586803201
0.67445284,0.061662745,0.084294104424573
0.012827296,0.26931766,0.0387355303364428
0.1068332,0.53412944,0.1633788516466649
0.024296982,0.3563098,0.0629870787115655
0.014550412,0.27598038,0.0418804801575523
0.43024826,0.44510588,0.3209613794756468
0.5539507,0.0119058825,0.151176617589269
0.11156938,0.23369804,0.1869006406115305
0.10479957,0.23895687,0.2036393832648426
0.013128622,0.0685098,0.0389110059027252
0.07290451,0.38550195,0.1613940999822553
0.017839754,0.52270585,0.0530822214280408
0.063430965,0.025462745,0.1439471927423479
0.058539357,0.1144,0.1596637949493753
0.009177054,0.12180784,0.0291533862758312
0.009224905,0.3009804,0.037501932176149
0.15057974,0.0874353,0.1946618964387329
0.14260334,0.006054902,0.1968380573958605
0.6250867,0.567498,0.0784537164144634
0.07240337,0.35677254,0.1622314088368871
0.059055522,0.2608,0.1124543379998125
0.0264677,0.5662745,0.0845080352800897
0.010257602,0.32221568,0.0351050063985432
0.024075994,0.24591765,0.0678370931354809
0.66155046,0.19872941,0.0733637600147874
0.06689262,0.29769805,0.1384515170822241
0.037705794,0.5432353,0.0997449388516453
0.0555554,0.6302314,0.1398661401743747
0.10692275,0.17007843,0.1879470236422825
0.16290195,0.28662744,0.1957803749971814
0.10239337,0.2860588,0.2062972935931051
0.033667035,0.25427842,0.0782986347597141
0.068027005,0.2913804,0.1499313074677174
0.6672668,0.3669608,0.0719350809994323
0.40710694,0.4075412,0.2894601066287804
0.019346176,0.29329804,0.0506549670671426
0.021363862,0.36771372,0.0593411651924535
0.2003017,0.028615687,0.3634916181599058
0.17002323,0.2176549,0.2177345504222157
0.13878527,0.5359608,0.1919667291011866
0.13336392,0.66586274,0.1913081884347579
0.0074472385,0.35622746,0.0261076104435351
0.018914813,0.54097253,0.0559828214026422
0.50440955,0.43295294,0.0982413558777712
0.41071525,0.42065883,0.2985453427331579
0.005713722,0.30090588,0.019127607768305
0.75664145,0.37815294,0.0959863482169296
0.12211603,0.60489017,0.2310831451064451
0.07495503,0.20927452,0.1602183277418341
0.5555944,0.31806275,0.1363896375110325
0.11755503,0.43542352,0.1869374678133245
0.015304836,0.09678039,0.0528849475444395
0.07039682,0.09713333,0.1309641225322267
0.036474913,0.020360785,0.0886181697196485
0.021373026,0.34461176,0.061897360128521
0.33411357,0.18477647,0.2219335349361605
0.39545354,0.1143098,0.1785623713530326
0.0245275,0.36307845,0.0880192689538988
0.16329384,0.32197255,0.2136565112317021
0.008761393,0.26151764,0.0331061805626489
0.015191475,0.3697059,0.0481537006893751
0.12902772,0.10505883,0.2149015367534464
0.7937489,0.38198823,0.1033685125792476
0.18134955,0.35736078,0.2595502146439467
0.6745039,0.08101568,0.0857697214306607
0.028655913,0.7966039,0.0831691128508963
0.1269023,0.6728157,0.2168677359933629
0.053797513,0.5812941,0.1160226456463081
0.12351308,0.63032156,0.183650682252081
0.61686325,0.35065097,0.0575754847562079
0.017484112,0.5191686,0.0549343945019975
0.17098999,0.83280784,0.2965028612660433
0.64325255,0.23999216,0.0747942875665468
0.0319217,0.26526275,0.0794053029198371
0.011450217,0.14190196,0.044603222786261
0.12318076,0.39269018,0.216656592707801
0.0077105043,0.21437255,0.0262609749967255
0.8019932,0.35518822,0.0854418468797126
0.017186336,0.35472548,0.0421583561429798
0.6114283,0.7082667,0.0611287026359133
0.06227567,0.45222354,0.1483942196803959
0.072782114,0.6685961,0.1666503619818803
0.08460926,0.18784706,0.176091678217343
0.12622488,0.7081098,0.2152044551336919
0.23123822,0.024388235,0.2544006621342833
0.034076676,0.81973726,0.085866067892273
0.5651569,0.020019608,0.174448549080816
0.019188164,0.19256863,0.0547079455199968
0.39289075,0.18996471,0.2155658375649462
0.096652895,0.07742353,0.1943103036043178
0.11324503,0.47656077,0.2008944907651005
0.36482036,0.7713216,0.238755818982677
0.47394797,0.33683923,0.1483010825061264
0.09221652,0.22366275,0.1796552436255264
0.040580507,0.25775686,0.1037074394204078
0.067114,0.29632157,0.1679063129867417
0.8170221,0.30801567,0.084526221004519
0.04154731,0.14150588,0.0916748359358794
0.075874105,0.7825098,0.1723269294934408
0.059059165,0.2504745,0.1400718798200789
0.011556039,0.1191098,0.0327095132135299
0.11858218,0.10304706,0.1865889051498093
0.25222573,0.2516196,0.3599319951734857
0.544168,0.52057254,0.8250315509478567
0.556181,0.11367843,0.1462915481806377
0.04546566,0.61090195,0.1145428365920666
0.21676563,0.17795295,0.2475763201151257
0.44246304,0.88739216,0.4743003276327754
0.09692673,0.1849255,0.1998269063144435
0.8723465,0.30961177,0.0840620538093137
0.6303361,0.4636549,0.0575901475295377
0.011756617,0.05961961,0.0349380025769163
0.12548831,0.24259607,0.1919795575575678
0.31312707,0.3687804,0.2408443995434197
0.6482197,0.5222745,0.0873724937788482
0.14329681,0.7080706,0.2096222198576092
0.18845108,0.50543135,0.240336969989478
0.08841192,0.19639608,0.1733373281492491
0.07830892,0.761,0.1651849195327699
0.100895345,0.09756863,0.2092573557684843
0.14465395,0.63219213,0.214510785149402
0.090476274,0.24229412,0.1840399652925767
0.009049324,0.21606274,0.0245155721496958
0.020806728,0.31082746,0.0590109285572083
0.6394918,0.51204705,0.0629914168579022
0.071667664,0.7033804,0.1539158922201412
0.5328116,0.50713724,0.0846817851655374
0.7086487,0.11301569,0.0829094650774402
0.63505083,0.43419608,0.0757843442664134
0.1250336,0.19320785,0.2391214042433397
0.2502538,0.02482353,0.2844312848249364
0.11506737,0.21500392,0.1834241289322284
0.008495536,0.14052157,0.0341351075092274
0.31694573,0.3916157,0.2826728115712358
0.024914699,0.45449805,0.0754341630728475
0.15933383,0.39513725,0.2154655618809491
0.1295507,0.33650196,0.2151610349790829
0.07885133,0.28838432,0.1608620232650273
0.05412065,0.3715451,0.1495866911603885
0.014410351,0.36560786,0.0450146493139242
0.52281046,0.31558824,0.113535304126143
0.3123969,0.19363922,0.2036786236175249
0.31907958,0.20984706,0.2379792840928909
0.09539319,0.27285883,0.1526490095938598
0.6145626,0.4282902,0.0505391963890495
0.58770734,0.11427843,0.1900555301534421
0.1787343,0.22367842,0.2400133890568103
0.06966186,0.5574392,0.159458756071067
0.8245163,0.6499569,0.1124238790099276
0.20856257,0.76847845,0.3663247547021565
0.3911535,0.19351764,0.1785515599783478
0.033118133,0.3464902,0.0960144659736393
0.030106222,0.16740392,0.0849570227374418
0.14488578,0.6543255,0.2542638083380041
0.7566752,0.67168236,0.0977125331915342
0.020937143,0.7523294,0.0576933394864983
0.11710573,0.1265098,0.1933796266910708
0.64502645,0.2522,0.0676962386852666
0.08100148,0.41193727,0.1912625938056176
0.093637116,0.11420784,0.1885145077512873
0.8935861,0.28118432,0.1107706903425638
0.9569026,0.5187059,0.0704284865687989
0.83359694,0.5500706,0.1050276137383583
0.65883356,0.12490196,0.0788136618255881
0.76441216,0.8643451,0.0967935995003552
0.009699235,0.097796075,0.0359114466600886
0.8301113,0.24522352,0.1069074669006093
0.061885852,0.4430706,0.1340580873123716
0.07570017,0.27775687,0.1458964159724929
0.5621382,0.38208234,0.1508964077956203
0.03509238,0.11167843,0.0954725035955251
0.7929676,0.10772549,0.0991449149850571
0.018308511,0.03225098,0.0531218025190996
0.027995385,0.35142747,0.0708950488213685
0.052834045,0.07649804,0.1158927989407318
0.6043384,0.20783922,0.0419284856039272
0.07760303,0.32513332,0.1474203710582158
0.09093813,0.22576079,0.1705513488441623
0.44683447,0.2934157,0.1881984096441147
0.073857896,0.16259216,0.1593228000828495
0.8566429,0.60745883,0.0941824386064669
0.66020185,0.035133332,0.0781341934737824
0.33802807,0.7445725,0.3237080353987863
0.11132425,0.1318902,0.2150733407633254
0.55086756,0.2730549,0.1313763082351324
0.0999119,0.2459294,0.2072960140209283
0.02710047,0.40597647,0.073805635335516
0.019873502,0.11257255,0.0570218942848001
0.099299364,0.8231843,0.2212764230449873
0.15122862,0.3176353,0.2368253885671895
0.18869986,0.25615686,0.2193446507769503
0.3374019,0.15231372,0.2241007034427112
0.8273154,0.47423923,0.0976974061033284
0.023055391,0.050545096,0.059538175548844
0.84010524,0.1892353,0.0825278722609685
0.08081022,0.23004314,0.1850375408365753
0.18625893,0.20524706,0.2964604538843064
0.23394981,0.71303135,0.2891818660858433
0.07747354,0.39251372,0.1570102724023171
0.15081295,0.52935684,0.2557119444663533
0.10391814,0.768749,0.1841196655959298
0.10099008,0.17655686,0.2092038734444671
0.45207557,0.35794508,0.2215982702209808
0.033900872,0.36878824,0.0941435712529989
0.21756038,0.033749018,0.2739799352395982
0.15955782,0.5241765,0.201081506226354
0.39214957,0.12406275,0.1586977791151008
0.9080423,0.17693333,0.0867107321783173
0.017118135,0.09221177,0.0550051112636856
0.5292483,0.26264706,0.0932337222632317
0.12985946,0.27040786,0.1941255636988829
0.12320726,0.16335686,0.2148144680738747
0.22452538,0.7912235,0.3159034114953444
0.5361348,0.64698434,0.1127884596816639
0.40196496,0.28139216,0.3111968729591894
0.0126783,0.30665097,0.0460380554248038
0.14719589,0.44627452,0.2598632508237684
0.40159684,0.17913334,0.2840060865866344
0.060836926,0.18331765,0.1372604045223228
0.102478705,0.3746745,0.1705142634845773
0.09612648,0.23793334,0.1949886911564025
0.06767328,0.3742706,0.1457960970749878
0.27188057,0.43098822,0.278192375583739
0.54736227,0.65306276,0.1653372039018347
0.8767423,0.34773332,0.0890701253099464
0.082950056,0.13255686,0.1781336427496488
0.78659093,0.36444312,0.1130755537913998
0.010367805,0.20836863,0.0348921050648743
0.13006532,0.4459098,0.2094629365005914
0.71049523,0.11018039,0.0877487736335693
0.15027106,0.39355293,0.257879556428942
0.0071758055,0.3143098,0.021012060251339
0.028279893,0.17967843,0.0852583905338909
0.30571046,0.064039215,0.2293612148871424
0.27704465,0.4358706,0.2822619413985661
0.10811646,0.34067452,0.1912279013617716
0.32704642,0.4023451,0.2375765445797794
0.014362462,0.43983138,0.0387171901269724
0.12588164,0.6193333,0.252774991476443
0.19289362,0.22367842,0.2017524980416234
0.062033538,0.36820784,0.1359729825411926
0.17664373,0.49259216,0.2223824630071116
0.6703675,0.54073334,0.070676407426991
0.032225754,0.09492549,0.0845848058100204
0.6401405,0.7158784,0.0579665928396777
0.5223297,0.4239451,0.0823025940451052
0.046129886,0.5798078,0.1206977809312567
0.02015271,0.13820784,0.0594566329592294
0.024884462,0.086937256,0.068913139203517
0.08440846,0.29093334,0.1786009640964627
0.819412,0.59139216,0.09775570541779
0.04240693,0.34863138,0.0988841049621523
0.03293243,0.7402039,0.0829281117732961
0.12447641,0.4199843,0.1794130419718838
0.13632709,0.5349882,0.2074860832872251
0.042312335,0.30526668,0.1081464688826709
0.12867339,0.25260392,0.2036869538023985
0.33023593,0.12974118,0.2335275140544122
0.8835368,0.22196078,0.1044514197825974
0.63958716,0.46374902,0.0657232940694589
0.0199353,0.3582588,0.0541169220999653
0.06173692,0.29455686,0.1375593773975475
0.015057714,0.27028626,0.0464334126161555
0.067413695,0.5557255,0.1427308929194969
0.047127463,0.77100784,0.117849943733256
0.02800542,0.24701177,0.0800400866165425
0.33248168,0.17461568,0.225851994403054
0.82326746,0.6502196,0.0896257671721254
0.5882906,0.103890195,0.2234682891290986
0.08834866,0.23656471,0.1742824239636354
0.6144444,0.7528,0.0598800533797132
0.080204345,0.13235687,0.1622727315667323
0.22795519,0.5114314,0.3537939035818344
0.13756567,0.41991764,0.2226860863567093
0.50832593,0.34829804,0.1077804278007759
0.1465928,0.8034667,0.2522568003088254
0.13849878,0.7926745,0.2630455420545509
0.0156614,0.41678432,0.0427838000730224
0.16896829,0.22276863,0.2156765363710322
0.63180226,0.7291255,0.0644563020831987
0.0139007475,0.29324314,0.0451381415548536
0.0383414,0.56738037,0.1228948631081722
0.6841082,0.07039608,0.0831162501189024
0.03028321,0.7466902,0.0812576573211101
0.6773077,0.53061175,0.0902208715740642
0.32457066,0.26733333,0.222465062579289
0.6364811,0.30523136,0.0644642211218686
0.8870195,0.22412941,0.1011137693762516
0.11253738,0.6017216,0.1712534089566582
0.23465265,0.2909804,0.2710749884086518
0.6297662,0.5056118,0.0593321648761229
0.5384236,0.35538432,0.1093186365314531
0.15214352,0.20323138,0.2024351863906521
0.035671417,0.376651,0.0870979780462347
0.5685057,0.019015687,0.1857523867149332
0.05018043,0.76817256,0.1215572662647276
0.022267139,0.30888626,0.070410866285022
0.324681,0.23189412,0.2230629379217988
0.25514325,0.090184316,0.3320725494171906
0.6545134,0.29314902,0.0696823712390319
0.03993409,0.21537647,0.1172556448667454
0.5388179,0.29104707,0.1230392154666208
0.015933804,0.3766549,0.0546119256652664
0.009112206,0.29048234,0.0314984730276413
0.047708545,0.7407804,0.1128130604259908
0.15235978,0.5936196,0.2122818904988995
0.94740486,0.23803137,0.0698647347023595
0.6769313,0.5545176,0.0687161458248455
0.86301047,0.55416864,0.0929136758637743
0.2976885,0.09163921,0.3441943638728304
0.0230249,0.8090078,0.0635734662088602
0.5199196,0.78542745,0.1478940588235997
0.2604113,0.05092549,0.2688347957046688
0.47963595,0.3465686,0.200193603716266
0.0068402784,0.352349,0.0220707540179624
0.17155518,0.733,0.2711604343387753
0.009484344,0.35318038,0.0320510881463818
0.08289705,0.1766353,0.174071302283539
0.87301356,0.644502,0.1004363762083297
0.06582365,0.7916471,0.1402588915432902
0.87322116,0.5132314,0.0840122907805451
0.101131104,0.36593726,0.2074464298726654
0.8819375,0.24139215,0.0884679921289959
0.9094923,0.36219215,0.086450498020592
0.5378784,0.21399608,0.1204742263059308
0.02404297,0.57317257,0.0723073761231465
0.027113292,0.32482746,0.0787822929993768
0.012941606,0.19358824,0.0416179670373707
0.8104097,0.26402745,0.096988638621948
0.016326876,0.31049412,0.0466219027697347
0.1856821,0.6256,0.2120024346901932
0.0815048,0.0744549,0.1676156049466673
0.11961272,0.6059098,0.1936015033832488
0.83381426,0.32254118,0.0722249644113004
0.6583446,0.26799607,0.0946484985211881
0.017188957,0.20254509,0.0488152042062198
0.8579728,0.5731843,0.0760227749673825
0.012394926,0.24302745,0.0317687174952902
0.034548756,0.5762628,0.0780608147826645
0.33654863,0.12003529,0.2144080468177087
0.72947526,0.11250588,0.0995156606412841
0.03938974,0.8203059,0.0945987098495242
0.034692496,0.5590745,0.0934555291221432
0.13413401,0.5365059,0.203499829120541
0.66719496,0.11810588,0.0867594871572046
0.15225987,0.5555451,0.223827521100261
0.645233,0.48748627,0.064043684795273
0.14402466,0.20510589,0.1708935469252159
0.18387718,0.27373725,0.2497739181086086
0.011963946,0.32718432,0.0388297153846946
0.026079154,0.48541176,0.0666722772506641
0.10699169,0.5740745,0.2170099170409143
0.33365786,0.1930902,0.2251780221566225
0.48466337,0.44158822,0.2675810166506674
0.022969972,0.21983922,0.0738889005023365
0.064244784,0.20777647,0.1416743183273843
0.5133728,0.67685884,0.1339639012739833
0.61008,0.4186941,0.0658587535619794
0.061424784,0.8419098,0.1293811635780725
0.63380027,0.31179607,0.0710598332442005
0.05447578,0.2705137,0.1183762226661228
0.0626255,0.4012745,0.1431801138200333
0.6493887,0.53871375,0.0576639178249274
0.6507031,0.36102352,0.0750746260997463
0.59060234,0.42674902,0.2352599374168318
0.503517,0.32726666,0.0938297369054363
0.07291217,0.040466666,0.1536028577987299
0.6499562,0.35414118,0.0805815472711135
0.18087465,0.35043922,0.2329389521032919
0.31739414,0.34057647,0.2396955360833488
0.049587045,0.57632154,0.1107243851129727
0.06405055,0.34728235,0.1524534883268075
0.49717635,0.40184706,0.1021850752510436
0.5210149,0.40900785,0.1041488066835649
0.08082306,0.7525804,0.1652667315784237
0.012304664,0.059290197,0.0452308334857529
0.035921656,0.57097256,0.0975633942376246
0.019423127,0.09757255,0.0511039100395586
0.01588137,0.06525882,0.0595860492467255
0.013407885,0.28009805,0.0452679869234408
0.076655805,0.78427845,0.1684983384420034
0.028631823,0.09650196,0.0805260468136914
0.49378288,0.56503135,0.1695821823504307
0.13299856,0.5480039,0.1998738142928399
0.83888197,0.21537647,0.102904359206462
0.5325434,0.48289803,0.0984935625687831
0.5501582,0.02822353,0.1397902437801561
0.65075195,0.41250196,0.0722765068143593
0.10587637,0.19646667,0.2141628298980474
0.07056448,0.35997647,0.1495861876093664
0.10470061,0.16074902,0.2097520151864525
0.008844653,0.25823137,0.0284461853409812
0.04870561,0.14052549,0.1085383248935286
0.05619786,0.23139216,0.1262654887444941
0.8287345,0.57130194,0.1035149647308906
0.58542097,0.16353333,0.1930807025026906
0.12798063,0.7366118,0.2000764979461751
0.3938852,0.117866665,0.1614593329765439
0.12332609,0.5343451,0.252741340255104
0.6315649,0.55986273,0.0581610029568784
0.008057483,0.27833334,0.0281095965024508
0.023705842,0.86640394,0.0552687779938179
0.10477458,0.23562352,0.1917093954293358
0.10305524,0.19826667,0.199190113170939
0.013813525,0.3252392,0.0391525561594024
0.10360799,0.14945883,0.1819507429860948
0.081977956,0.30550197,0.1727428345665358
0.03993787,0.37152156,0.0953279027878672
0.39175063,0.26158038,0.1508156547257606
0.53651255,0.3547647,0.0934523840658811
0.009101097,0.20948628,0.0264642315050279
0.7706168,0.43026274,0.0867490520550955
0.2029135,0.38050196,0.3123194976893109
0.087793395,0.20694509,0.1646740590713121
0.6265904,0.30773333,0.0587136754042185
0.025033323,0.0097490195,0.0648724666347492
0.0612833,0.3896,0.134962332834142
0.013219046,0.37501177,0.0380882597673058
0.037580468,0.03541961,0.096180141850772
0.024714205,0.6421608,0.0833876275812451
0.33694327,0.12037647,0.2157870218526494
0.059191965,0.123458825,0.1367063984885974
0.40226257,0.29192942,0.2965838583374784
0.0042789937,0.29294118,0.0167000899949548
0.13809457,0.24933334,0.2166954454553394
0.1504403,0.27623528,0.2219491749424348
0.05091168,0.68198824,0.1192129335639208
0.031408545,0.51317257,0.100019592877637
0.014095166,0.11768235,0.0439287923145379
0.04271491,0.09948235,0.0970333347621954
0.72989905,0.109964706,0.1270194461473321
0.017935885,0.5799569,0.0510299280432647
0.10961274,0.30277255,0.1644758733210269
0.08119005,0.15599215,0.1890621765727141
0.84582555,0.551549,0.0866381098077115
0.011181798,0.3324,0.0294502794664668
0.95096964,0.66897255,0.0592183505881644
0.063812725,0.1577804,0.1445700770836706
0.12786472,0.6233294,0.1919990981165137
0.90316606,0.23905098,0.0808600568119399
0.39328766,0.25869805,0.1865932880767773
0.118837185,0.30630195,0.2388260517471107
0.11751884,0.16501568,0.1919355813707936
0.8702249,0.644502,0.0953065374164006
0.1571163,0.71010983,0.2265024925552381
0.14805919,0.8624392,0.2706941318642941
0.23605733,0.09892941,0.3402425219156822
0.5670399,0.018450981,0.1489317531092908
0.89464307,0.2438549,0.0874614031245477
0.011008413,0.11694902,0.0292305685473377
